geneID,x,y,z,intensity,seeds
adcy1,578.287333333333,1647.931,0,529,3
apln,590.661,1647.4675,6,588.5,2
gucy1a2,590.508,1648.071,5,618.5,2
krit1,592.459,1648.431,6,605,1
map3k2,590.746,1648.106,5,601,1
ppp2r2d,590.854,1648.10966666667,0,676.666666666667,3
ppp2r2d,590.769,1648.131,6,613,1
s1pr2,591.956,1648.479,0,629,1
tnfsf14,591.311,1648.376,4,596,2
vdac2,592.341333333333,1648.32966666667,0,691,3
ywhaz,612.867666666667,1640.25466666667,4,686,3
fake20,592.472,1648.4615,5,678.5,2
