geneID,x,y,z,intensity,seeds
adcy1,578.287333333333,1647.931,0,529,3
ppp2r2d,590.854,1648.10966666667,0,676.666666666667,3
vdac2,592.341333333333,1648.32966666667,0,691,3
ywhaz,612.867666666667,1640.25466666667,4,686,3
