geneID,x,y,z,intensity,seeds
csnk1d,1755.609,1629.16266666667,1,724.666666666667,3
ctnnb1,1743.548,1628.69033333333,5.33333333333333,588.333333333333,3
