geneID,x,y,z,intensity,seeds
prickle2,743.09225,2026.98,3.25,730.75,4
pten,747.456,2030.32433333333,0,1053.33333333333,3
ulk2,753.463333333333,2041.182,0,717.333333333333,3
