geneID,x,y,z,intensity,seeds
cacnb1,487.245666666667,1699.45966666667,0,586.666666666667,3
hmgcr,463.241333333333,1749.28266666667,6,641.666666666667,3
s1pr2,462.667,1749.494,0,627,3
tgfbr1,487.108,1699.517,5.33333333333333,580.333333333333,3
vdac2,465.341333333333,1755.32966666667,0,597.666666666667,3
fake59,486.092666666667,1698.80466666667,6,577,3
