geneID,x,y,z,intensity,seeds
cacnb3,1555.44466666667,991.885333333333,6,571.333333333333,3
hmgcr,1549.24133333333,1010.28266666667,0,615.333333333333,3
irs1,1537.67333333333,1006.28233333333,6,539.666666666667,3
ocrl,1543.361,974.300333333333,0,609,3
ppp2r2d,1547.854,1010.10966666667,6,635.666666666667,3
ptpn5,1531.48433333333,960.302,0.333333333333333,668.666666666667,3
trp53,1547.81466666667,1009.92766666667,2.33333333333333,603,3
vdac2,1550.34133333333,978.329666666667,3,613.666666666667,3
