geneID,x,y,z,intensity,seeds
cacnb1,400.245666666667,1460.45966666667,3,630.666666666667,3
evc2,396.009333333333,1498.71833333333,6,564.666666666667,3
hmgcr,379.241333333333,1479.28266666667,3.66666666666667,635,3
irs1,379.673333333333,1479.28233333333,6,575.666666666667,3
ppp2r2d,398.854,1460.10966666667,0,633.333333333333,3
ptk2b,402.529,1453.82333333333,4,640.333333333333,3
tbk1,396.601333333333,1499.66533333333,0,630,3
fake49,379.498666666667,1479.243,0,569.666666666667,3
