geneID,x,y,z,intensity,seeds
gucy1a2,437.756,2013.22966666667,5.66666666666667,601,3
il11,419.541,1980.651,5,547,1
krit1,439.459,2013.431,3,537,1
ppp2r2d,437.769,2013.131,4,521,1
rictor,438.956,2013.479,2,532,1
senp2,421.983,1981.549,0,555,1
tbk1,438.776,2013.7245,3,539.5,2
vdac2,421.341333333333,1981.32966666667,0,613.333333333333,3
vdac2,420.793,1981.456,3,542,1
fake59,438.092666666667,2012.80466666667,0,566,3
