geneID,x,y,z,intensity,seeds
gucy1a2,437.756,2013.22966666667,5.66666666666667,601,3
vdac2,421.341333333333,1981.32966666667,0,613.333333333333,3
fake59,438.092666666667,2012.80466666667,0,566,3
