geneID,x,y,z,intensity,seeds
adcy1,1073.28733333333,968.597666666667,1,621.666666666667,3
lefty1,1042.29233333333,964.252666666667,4,561.333333333333,3
pde4a,1053.82466666667,933.027333333333,0,846.333333333333,3
ppp2r2d,1043.854,958.109666666667,6,696,3
rragd,1043.17366666667,964.345666666667,0,612,3
stim2,1072.284,961.895,2,707,3
tgfbr1,1047.12425,963.7225,6,833,4
ywhaz,1069.86766666667,966.588,3,589,3
