geneID,x,y,z,intensity,seeds
ptk2b,853.069333333333,1982.909,4,544.666666666667,3
sox9,853.364333333333,1983.36666666667,5.66666666666667,584,3
tnfsf14,799.819666666667,1965.157,5,624.333333333333,3
vdac2,854.341333333333,1983.32966666667,0,601,3
fake19,892.655666666667,1982.092,4.33333333333333,589.666666666667,3
