geneID,x,y,z,intensity,seeds
cacnb1,657.245666666667,1897.45966666667,1,593.333333333333,3
cnr1,689.822333333333,1902.936,5.33333333333333,590,3
krit1,690.734666666667,1903.431,0,582,3
lefty1,656.292333333333,1897.25266666667,4,556.666666666667,3
prkcg,656.834666666667,1897.478,6,616.333333333333,3
