geneID,x,y,z,intensity,seeds
hmgcr,569.241333333333,1673.28266666667,1.66666666666667,581.666666666667,3
ptk2b,520.069333333333,1654.909,0,533,3
rbx1,531.213,1693.29366666667,1,659.333333333333,3
s1pr2,568.667,1673.494,0,617,3
