geneID,x,y,z,intensity,seeds
apc2,463.252,1659.547,0,740,1
hmgcr,569.241333333333,1673.28266666667,1.66666666666667,581.666666666667,3
il11,464.238,1659.432,4,561.5,2
irs1,465.244,1658.842,0,594,1
plau,463.252,1659.547,4,780,1
ptk2b,520.069333333333,1654.909,0,533,3
rbx1,531.213,1693.29366666667,1,659.333333333333,3
s1pr2,568.667,1673.494,0,617,3
fake20,464.172,1659.821,2,565,1
fake50,570.555,1673.435,0,535,2
fake55,568.38,1673.628,0,505,1
fake67,530.6435,1691.8785,1,753,2
