geneID,x,y,z,intensity,seeds
apln,972.876,316.805,0,609,1
cnr1,973.2315,317.05975,0,569.5,4
gucy1a2,972.508,317.071,4,574,2
krit1,974.459,317.431,3,538,1
pi4kb,974.172,317.821,2,513,1
ptk2b,913.529,325.156666666667,0.333333333333333,713,3
smad3,921.101333333333,330.247666666667,6,744,3
tbk1,973.38,317.628,2,519,1
