geneID,x,y,z,intensity,seeds
cnr1,973.2315,317.05975,0,569.5,4
ptk2b,913.529,325.156666666667,0.333333333333333,713,3
smad3,921.101333333333,330.247666666667,6,744,3
