geneID,x,y,z,intensity,seeds
hmgcr,818.241333333333,1519.28266666667,0,616.333333333333,3
impa1,823.445,1530.07866666667,4,622,3
irs1,818.673333333333,1519.28233333333,6,535.666666666667,3
itpka,827.003333333333,1473.183,6,686,3
mapk8ip3,825.957666666667,1495.028,0.666666666666667,911.333333333333,3
taok1,817.385,1475.35025,0,688.25,4
ywhaz,825.534333333333,1524.92133333333,4,644.333333333333,3
