geneID,x,y,z,intensity,seeds
fake20,565.145666666667,2020.41266666667,3,614,3
