geneID,x,y,z,intensity,seeds
cacnb4,784.178,1722.84533333333,0,827.666666666667,3
ccnd2,754.293,1731.7695,5.25,1234.75,4
dnm3,778.967,1768.63425,4.25,685.5,4
dusp3,770.43275,1727.836,6,701.5,4
dusp3,794.18275,1764.086,0,754.25,4
gnal,789.856666666667,1719.685,0,753.666666666667,3
mtmr3,740.7565,1760.82875,6,836.5,4
ryr2,793.478666666667,1738.52966666667,6,754.333333333333,3
skp1a,764.22925,1760.0295,4,933.75,4
