geneID,x,y,z,intensity,seeds
tgfbr1,57.108,44.517,5.66666666666667,587.666666666667,3
