geneID,x,y,z,intensity,seeds
cacnb1,416.245666666667,951.459666666667,0,621.333333333333,3
ctnnb1,410.203666666667,960.387,0.333333333333333,639.333333333333,3
dlg2,460.329,968.121,6,741.666666666667,3
grin3b,463.04,926.215666666667,3.66666666666667,676,3
rragd,435.456666666667,964.523333333333,3,733.666666666667,3
fake49,472.498666666667,978.243,0,560.333333333333,3
