geneID,x,y,z,intensity,seeds
nrg3,965.739,227.608,4.66666666666667,615.666666666667,3
pi4k2b,1015.405,175.041666666667,3,604.333333333333,3
s1pr2,965.667,227.494,2.33333333333333,604,3
sipa1l1,1010.45833333333,194.909,1,955.333333333333,3
tgfbr1,975.372333333333,240.754,3,744,3
vdac2,966.341333333333,227.329666666667,0,622,3
