geneID,x,y,z,intensity,seeds
camk2d,454.760333333333,1531.95866666667,4,584,3
pde4c,419.441,1533.40666666667,1,688.333333333333,3
tbk1,445.156666666667,1529.48066666667,0,576,3
ywhaz,430.867666666667,1541.588,0,744.666666666667,3
