geneID,x,y,z,intensity,seeds
akt3,314.903,1671.9385,2,737.75,4
nf2,302.44525,1664.07025,0.75,689.25,4
pi4ka,314.647,1655.388,3.66666666666667,636,3
pik3cb,312.611,1650.18566666667,3.33333333333333,637.666666666667,3
ppp2r5c,313.391666666667,1676.425,1,681,3
slc8a2,312.45325,1671.267,2,1288,4
smurf1,320.638666666667,1645.71133333333,2,619.333333333333,3
