geneID,x,y,z,intensity,seeds
gria1,810.940666666667,1599.72033333333,2,612.666666666667,3
kif3a,772.877333333333,1613.83333333333,1.33333333333333,643,3
map3k13,777.475,1625.98066666667,3,641,3
pla2g4f,779.368,1605.451,3,593.666666666667,3
prkd1,792.067333333333,1633.81666666667,0.333333333333333,618.666666666667,3
ywhaz,779.534333333333,1615.92133333333,0,707.333333333333,3
ywhaz,783.534333333333,1624.25466666667,4.66666666666667,726.333333333333,3
fake20,778.356666666667,1610.143,2,760.666666666667,3
