geneID,x,y,z,intensity,seeds
mlst8,1428.558,1998.97733333333,3.66666666666667,601.333333333333,3
prkag1,1428.19,1999.087,3,510,1
tbk1,1477.60133333333,1998.66533333333,2,589.666666666667,3
