geneID,x,y,z,intensity,seeds
sipa1l3,554.677333333333,1895.89766666667,0,618.333333333333,3
