geneID,x,y,z,intensity,seeds
cacnb3,1041.67933333333,161.546666666667,0,612.666666666667,3
daam2,1081.14166666667,161.457,2,640,3
hmgcr,1029.24133333333,147.282666666667,0.666666666666667,604.333333333333,3
mapk8ip3,1039.95766666667,167.028,3.33333333333333,778,3
nsmaf,1082.45233333333,165.820333333333,1,634.333333333333,3
rhoa,1082.978,176.640666666667,0,559.666666666667,3
tnfsf14,1078.05433333333,161.134333333333,0.333333333333333,572.666666666667,3
vdac2,1079.34133333333,161.329666666667,5.33333333333333,612.333333333333,3
