geneID,x,y,z,intensity,seeds
il20ra,1636.39866666667,2034.196,4,532.333333333333,3
rictor,1635.567,2034.447,0,613,3
fake28,1636.772,2034.102,0,690,1
