geneID,x,y,z,intensity,seeds
camk2g,637.036,1544.403,5.33333333333333,598.333333333333,3
nsmaf,664.673,1540.42075,1.5,614.5,4
tgfbr1,645.12425,1566.4725,0.5,694.5,4
