geneID,x,y,z,intensity,seeds
csnk1a1,1566.29033333333,1932.74066666667,2.33333333333333,794,3
cysltr2,1558.47866666667,1933.068,6,596,3
dlg2,1555.057,1932.91333333333,1,591.666666666667,3
grm2,1520.36133333333,1906.277,5,605.666666666667,3
tnfsf14,1555.05433333333,1933.13433333333,3.66666666666667,585.666666666667,3
fake49,1556.49866666667,1933.243,2.66666666666667,589.666666666667,3
