geneID,x,y,z,intensity,seeds
cacnb3,897.679333333333,177.88,3.33333333333333,612,3
lefty1,927.292333333333,175.252666666667,0,566.333333333333,3
lefty1,927.292333333333,175.252666666667,2.66666666666667,587.333333333333,3
mapk9,867.818,169.611333333333,4,665.333333333333,3
pdpk1,850.307,220.164,1,647.666666666667,3
rictor,854.567,172.447,0,617.333333333333,3
sipa1l1,862.458333333333,206.242333333333,0,973.333333333333,3
taok1,857.666333333333,205.916666666667,0,742.666666666667,3
