geneID,x,y,z,intensity,seeds
dlg2,1237.99566666667,1098.121,4,639.666666666667,3
gng7,1261.30533333333,1059.69366666667,1.33333333333333,719.333333333333,3
kit,1246.682,1038.78166666667,0.333333333333333,612.333333333333,3
mapk3,1252.211,1087.183,0,810.666666666667,3
mtmr14,1264.52466666667,1032.26933333333,4,596.666666666667,3
spry4,1265.2675,1032.12225,4,710.75,4
tbc1d1,1264.30833333333,1079.553,6,753.333333333333,3
tgfbr1,1279.10833333333,1035.35633333333,3.66666666666667,671,3
fake12,1257.63433333333,1070.37166666667,4.33333333333333,653.333333333333,3
