geneID,x,y,z,intensity,seeds
apln,1263.858,1912.82733333333,1.33333333333333,615,3
cacnb3,1222.98866666667,1889.873,0.666666666666667,720.333333333333,3
irs1,1265.67333333333,1913.28233333333,0,558,3
