geneID,x,y,z,intensity,seeds
apc2,1264.252,1913.547,5,703,1
apln,1263.858,1912.82733333333,1.33333333333333,615,3
cacnb3,1222.98866666667,1889.873,0.666666666666667,720.333333333333,3
irs1,1265.67333333333,1913.28233333333,0,558,3
irs1,1266.244,1912.842,3,565,1
pi4kb,1264.8325,1913.568,5.5,560.5,2
tbk1,1264.38,1913.628,5,508,1
fake49,1265.459,1913.431,3,581,1
