geneID,x,y,z,intensity,seeds
adcy1,1681.96966666667,1601.99266666667,3.66666666666667,565.333333333333,3
daam1,1694.402,1631.40966666667,2,633.333333333333,3
gria1,1689.60733333333,1617.387,0,671,3
pfn2,1693.066,1629.85333333333,0,688,3
ywhaz,1681.201,1612.588,3.33333333333333,654,3
ywhaz,1686.53433333333,1637.92133333333,6,662.333333333333,3
