geneID,x,y,z,intensity,seeds
pla1a,1330.87033333333,997.823,2.66666666666667,615.333333333333,3
tgfbr1,1338.12425,1003.7225,0,833,4
ywhaz,1307.53433333333,1020.25466666667,3,698.333333333333,3
