geneID,x,y,z,intensity,seeds
camk4,786.493,309.315,2,572,1
creb3l4,786.173,309.339,1,624,1
hmgcr,785.459,308.431,2,529,1
limd1,785.805,309.012,1,605,1
mpl,786.1185,308.818,2,595,2
ppp2r2c,785.483,309.117,1,542,1
prkaa2,758.730333333333,301.536333333333,5,780.333333333333,3
fake63,786.301333333333,309.056666666667,1.66666666666667,553.333333333333,3
