geneID,x,y,z,intensity,seeds
prkaa2,758.730333333333,301.536333333333,5,780.333333333333,3
fake63,786.301333333333,309.056666666667,1.66666666666667,553.333333333333,3
