geneID,x,y,z,intensity,seeds
cdon,694.217666666667,1992.405,6,812,3
csnk1g1,666.683333333333,1997.921,3,735.333333333333,3
prkce,692.927666666667,2017.41,4.33333333333333,575.333333333333,3
sod2,694.68,1992.258,6,651,1
