geneID,x,y,z,intensity,seeds
col5a3,630.402,200.262333333333,0,564.333333333333,3
ctnnb1,706.203666666667,156.387,4,601.666666666667,3
krit1,679.734666666667,160.431,1,630.666666666667,3
mapk3,666.544333333333,169.183,1,793.333333333333,3
pi4kb,630.639,200.561,2.66666666666667,604.666666666667,3
rragd,631.173666666667,200.345666666667,4,602.666666666667,3
senp2,631.516,200.369,1,600.333333333333,3
vdac2,685.341333333333,138.329666666667,0,681,3
