geneID,x,y,z,intensity,seeds
pla1a,1113.87033333333,1521.823,5,608,3
s1pr2,1133.667,1515.494,2.33333333333333,597.666666666667,3
sipa1l3,1143.09766666667,1528.32866666667,0,601.333333333333,3
sos2,1135.18,1533.304,0,652,3
stim2,1133.919,1515.586,6,633.333333333333,3
taok1,1119.635,1509.10025,2.75,639.5,4
ywhaz,1143.53433333333,1521.588,6,696.333333333333,3
ywhaz,1141.86766666667,1533.25466666667,3.66666666666667,765.666666666667,3
