geneID,x,y,z,intensity,seeds
il11,1581.416,1675.322,0.666666666666667,602.666666666667,3
prkcg,1588.83466666667,1687.478,3.33333333333333,619.333333333333,3
tnfsf14,1629.05433333333,1704.13433333333,0,1400,3
vdac2,1600.34133333333,1681.32966666667,0,609.666666666667,3
vdac2,1589.34133333333,1687.32966666667,0,610.666666666667,3
