geneID,x,y,z,intensity,seeds
akt3,219.153,1994.6885,2.75,576.25,4
crkl,190.015333333333,1997.193,5,790.666666666667,3
foxo3,162.19425,1980.835,2,584.25,4
nf2,161.19525,1986.57025,0,663.25,4
plpp3,218.637,1966.12025,4,732.25,4
prkce,229.78,1970.3675,1,1006,4
