geneID,x,y,z,intensity,seeds
cacnb1,196.245666666667,1833.45966666667,0,612.666666666667,3
mapk8ip3,186.957666666667,1860.36133333333,5,650,3
ocrl,196.361,1836.30033333333,6,545.333333333333,3
s1pr2,195.667,1836.494,4.33333333333333,628,3
fake20,196.145666666667,1836.41266666667,3,613.333333333333,3
