geneID,x,y,z,intensity,seeds
ikbkg,1063.74633333333,1641.74366666667,2.66666666666667,734.666666666667,3
krit1,1080.73466666667,1651.431,5,634,3
nrg3,1082.739,1633.608,0,616.333333333333,3
ppp2r2c,1058.282,1627.098,0,632,3
vdac2,1081.34133333333,1651.32966666667,0,637,3
ywhaz,1087.201,1623.92133333333,4,662,3
