geneID,x,y,z,intensity,seeds
atp2b1,1129.65366666667,1849.05866666667,2,2089,3
camk2a,1180.66175,1887.7895,2.5,1418.75,4
camk2a,1129.39033333333,1856.556,6,882.333333333333,3
camk2a,1149.41175,1862.7895,2.75,1211.25,4
camkk1,1169.379,1878.4085,0,1225.75,4
cul1,1143.30133333333,1836.753,6,804,3
itpr1,1163.15166666667,1872.08466666667,2.33333333333333,962,3
pak1,1131.08966666667,1867.84,2,766.666666666667,3
