geneID,x,y,z,intensity,seeds
adcy1,643.287333333333,1605.931,0,621,3
cacnb3,583.430666666667,1594.156,5,679.333333333333,3
hmgcr,656.241333333333,1595.28266666667,6,647.666666666667,3
vdac2,656.341333333333,1595.32966666667,0,644.333333333333,3
fake55,655.529333333333,1595.55133333333,3.66666666666667,634,3
