geneID,x,y,z,intensity,seeds
cacnb1,1377.24566666667,1771.45966666667,6,634,3
dlg2,1349.66233333333,1738.121,4.33333333333333,640,3
il11,1364.416,1750.322,5.33333333333333,620,3
pde4a,1339.49133333333,1739.02733333333,1.33333333333333,666,3
pdpk1,1376.035,1770.95633333333,0,575,3
ppp2r2d,1376.39766666667,1771.49966666667,2.33333333333333,628.333333333333,3
ptk2b,1375.769,1771.131,0,567,1
ywhaz,1376.105,1770.80033333333,5,578.333333333333,3
fake50,1377.96766666667,1771.442,0,540.333333333333,3
