geneID,x,y,z,intensity,seeds
cdkn2d,1371.59675,725.39075,0,740.25,4
fgf13,1361.88166666667,720.010333333333,4,634,3
hmgcr,1394.459,715.431,0,592,1
itpka,1374.3,718.159,0,688,4
pip4k2b,1392.655,714.891,0,540.5,2
ppp2r2c,1391.369,763.529,4.66666666666667,605,3
sstr2,1406.81766666667,767.306333333333,6,736.333333333333,3
ywhaz,1378.201,741.921333333333,6,854.666666666667,3
ywhaz,1359.53433333333,766.921333333333,6,578.666666666667,3
fake19,1375.918,718.422,0,560,1
fake28,1393.956,715.479,0,542,1
