geneID,x,y,z,intensity,seeds
cdkn2d,1371.59675,725.39075,0,740.25,4
fgf13,1361.88166666667,720.010333333333,4,634,3
itpka,1374.3,718.159,0,688,4
ppp2r2c,1391.369,763.529,4.66666666666667,605,3
sstr2,1406.81766666667,767.306333333333,6,736.333333333333,3
ywhaz,1378.201,741.921333333333,6,854.666666666667,3
ywhaz,1359.53433333333,766.921333333333,6,578.666666666667,3
