geneID,x,y,z,intensity,seeds
apc,1616.391,2025.94775,6,877.25,4
cckbr,1635.49633333333,2034.138,5,517.666666666667,3
cyth1,1665.43666666667,2038.507,4,619.333333333333,3
eif4b,1637.06175,2041.1745,3,987,4
pde1b,1655.027,2025.04666666667,2,926,3
ppp1cc,1622.012,2017.37933333333,1,719,3
ulk2,1653.07375,2038.9925,4,963,4
