geneID,x,y,z,intensity,seeds
krit1,350.734666666667,1867.431,3,596.333333333333,3
fake28,351.073666666667,1867.29866666667,0,602.333333333333,3
