geneID,x,y,z,intensity,seeds
hmgcr,351.459,1867.431,0,523,1
krit1,350.734666666667,1867.431,3,596.333333333333,3
ppp2r2d,349.655,1866.891,2,561.5,2
fake20,351.172,1867.821,0,545,1
fake28,351.073666666667,1867.29866666667,0,602.333333333333,3
