geneID,x,y,z,intensity,seeds
acvr2a,474.265666666667,1600.93633333333,3.33333333333333,689.333333333333,3
cacnb1,432.772,1650.102,0,704,1
itgb2l,473.632,1601.2215,5,569,2
map3k2,465.248666666667,1627.72933333333,1,682,3
nrg3,431.739,1650.608,0,596,3
skp2,431.956,1650.479,1,573,1
tbk1,431.38,1650.628,0,549,1
tnfsf14,430.666,1650.273,3,588,1
fake59,430.661,1649.4675,1,631,2
