geneID,x,y,z,intensity,seeds
acvr2a,474.265666666667,1600.93633333333,3.33333333333333,689.333333333333,3
map3k2,465.248666666667,1627.72933333333,1,682,3
nrg3,431.739,1650.608,0,596,3
