geneID,x,y,z,intensity,seeds
ctnnb1,244.548,127.023666666667,3,589.333333333333,3
nrg3,220.172,97.821,0,555,1
prkcg,220.459,97.431,0,529,1
rictor,219.493,97.315,0,544,1
s1pr2,219.667,97.494,0,610,3
fake55,219.38,97.628,0,509,1
