geneID,x,y,z,intensity,seeds
ctnnb1,244.548,127.023666666667,3,589.333333333333,3
s1pr2,219.667,97.494,0,610,3
