geneID,x,y,z,intensity,seeds
gna13,205.03725,2044.50575,6,759.5,4
map3k11,230.889333333333,2044.083,3,676.666666666667,3
prickle2,224.997,2023.97666666667,1.33333333333333,676.333333333333,3
