geneID,x,y,z,intensity,seeds
dlg2,1396.99566666667,901.121,0,612.666666666667,3
dlg4,1348.322,891.46,6,559.333333333333,3
dusp10,1348.20133333333,891.436333333333,5,713.333333333333,3
gnb4,1374.53025,918.3025,2.5,581,4
pi4k2b,1348.405,891.375,6,570.666666666667,3
stk11,1398.83466666667,913.931666666667,2,591,3
tbk1,1399.60133333333,914.665333333333,0,612.666666666667,3
vdac2,1323.34133333333,976.329666666667,0.333333333333333,600.333333333333,3
