geneID,x,y,z,intensity,seeds
eif4b,388.31175,1760.4245,5,1263,4
grk2,430.0435,1777.67475,0.25,704.5,4
slc8a2,396.70325,1780.767,1.75,1069.75,4
