geneID,x,y,z,intensity,seeds
akt3,1357.788,2027.30133333333,3,645.333333333333,3
gna13,1359.239,2024.62966666667,2.66666666666667,614.666666666667,3
gnao1,1378.17575,2007.5155,4.25,718.5,4
homer2,1379.42366666667,2005.58,1.66666666666667,686.666666666667,3
mapk1,1398.15725,2028.10525,2.25,619.5,4
plcd4,1410.99025,2024.203,6,880,4
ralbp1,1388.4285,1999.825,6,718.25,4
