geneID,x,y,z,intensity,seeds
ccnd1,1244.302,1989.1675,6,620.25,4
ccnd1,1249.34233333333,1986.863,1,1018.66666666667,3
cflar,1269.20133333333,1999.10633333333,2,591,3
foxo3,1265.36566666667,2009.36066666667,6,573,3
gnal,1212.04933333333,2012.67366666667,6,772.666666666667,3
rasa3,1237.50733333333,2008.86133333333,3,769,3
trhr,1261.941,2001.06366666667,6,605,3
ulk3,1237.12775,1981.87375,6,874.25,4
