geneID,x,y,z,intensity,seeds
cntfr,368.297666666667,1977.35933333333,3,651.333333333333,3
gnao1,354.854333333333,1983.58366666667,3,613,3
hdac4,362.659666666667,1993.566,2.33333333333333,609.333333333333,3
mcl1,365.4895,2002.953,3,699.5,4
p2rx4,381.513333333333,2011.38066666667,5.66666666666667,621.666666666667,3
plpp3,364.223333333333,1976.55833333333,1.33333333333333,624.333333333333,3
rab11b,402.969333333333,1974.81533333333,0,596,3
