geneID,x,y,z,intensity,seeds
cacnb3,690.655333333333,1355.873,2,567.333333333333,3
ywhaz,675.867666666667,1371.588,6,675.333333333333,3
fake46,677.940333333333,1353.30066666667,0,694.333333333333,3
