geneID,x,y,z,intensity,seeds
irs1,536.673333333334,152.282333333333,0,536.333333333333,3
