geneID,x,y,z,intensity,seeds
ocrl,1740.361,2035.30033333333,0,520.333333333333,3
