geneID,x,y,z,intensity,seeds
ctnnbip1,699.602,299.589,0,701.666666666667,3
gria1,706.940666666667,291.387,2,577.333333333333,3
hmgcr,712.241333333333,285.282666666667,3.33333333333333,667,3
tnfsf14,686.291333333333,270.433,6,598,3
vdac2,687.341333333333,270.329666666667,1.66666666666667,598.666666666667,3
wnt16,697.719333333333,281.638333333333,2,604,3
fake28,686.073666666667,294.298666666667,0,603,3
fake55,686.529333333333,270.551333333333,0,623.666666666667,3
