geneID,x,y,z,intensity,seeds
gucy1a2,482.475,1629.491,4,593,1
gucy1a2,482.475,1629.491,0,598,1
pdpk1,482.5745,1628.695,6,594,2
ppp2r2d,482.769,1629.131,0,619,1
tbk1,483.776,1629.7245,0,555,2
tnfsf14,482.819666666667,1629.157,3,650,3
tnfsf14,483.311,1629.376,0,607,2
vdac2,484.772,1629.102,0,815,1
vdac2,484.341333333333,1629.32966666667,6,646,3
ywhaz,482.876,1628.805,6,579,1
fake20,484.145666666667,1629.41266666667,3.66666666666667,654,3
fake28,483.493,1629.315,6,596,1
