geneID,x,y,z,intensity,seeds
tnfsf14,482.819666666667,1629.157,3,650,3
vdac2,484.341333333333,1629.32966666667,6,646,3
fake20,484.145666666667,1629.41266666667,3.66666666666667,654,3
