geneID,x,y,z,intensity,seeds
foxo3,1372.19425,1946.335,4,675.75,4
grk2,1331.2935,1923.67475,0.75,637.75,4
hcn2,1348.64333333333,1879.09366666667,0,642,3
magi2,1367.907,1928.8845,6,615.5,2
nrg2,1368.426,1928.28675,4.25,921,4
rasa2,1340.34366666667,1923.04866666667,1,822.333333333333,3
rptor,1360.31825,1925.536,2,704.75,4
s1pr1,1311.95366666667,1902.41,0,815,3
synj1,1370.07075,1928.82625,1,756.75,4
