geneID,x,y,z,intensity,seeds
agpat4,383.849333333333,1682.07366666667,2,816,3
gnao1,421.42575,1665.5155,6,951.25,4
gnao1,415.17575,1662.5155,2.75,750.75,4
grin2a,414.411,1691.237,6,836.5,4
nfkbia,435.6475,1669.12825,6,726.25,4
rala,435.044333333333,1672.73433333333,1,788.666666666667,3
