geneID,x,y,z,intensity,seeds
cdc42,1124.85233333333,1055.23066666667,3,536.666666666667,3
maml2,1112.391,1047.056,3,706.666666666667,3
pfn2,1135.73266666667,1131.85333333333,0,881.666666666667,3
pi4kb,1117.639,1077.561,6,733.333333333333,3
s1pr2,1117.667,1077.494,0,734.333333333333,3
vdac2,1118.34133333333,1077.32966666667,5,721.666666666667,3
ywhaz,1127.53433333333,1114.25466666667,3,797.333333333333,3
