geneID,x,y,z,intensity,seeds
chrd,342.332666666667,1623.85966666667,0.333333333333333,550.666666666667,3
ppp2r2d,334.854,1659.10966666667,6,662.666666666667,3
rbl2,367.707666666667,1647.84333333333,0.333333333333333,736,3
rragd,336.173666666667,1659.34566666667,0,663.333333333333,3
tgfbr1,415.108,1645.517,4,617.666666666667,3
vdac2,415.341333333333,1645.32966666667,6,605.666666666667,3
vdac2,415.341333333333,1645.32966666667,0,613.666666666667,3
fake55,362.529333333333,1635.55133333333,0.333333333333333,599.333333333333,3
