geneID,x,y,z,intensity,seeds
cxcr1,566.077,1965.89733333333,6,609,3
eif4b,599.159,1968.529,4.66666666666667,617.333333333333,3
g6pc,566.582333333333,1966.445,2.33333333333333,680.333333333333,3
gna13,550.218666666667,1977.18033333333,3,579,3
gnao1,597.17575,1965.5155,1,809.5,4
mcl1,571.526666666667,1974.274,5,566.666666666667,3
pik3c2a,578.80125,1987.2195,1.5,639.5,4
tnfrsf13c,566.334,1966.147,0,608.333333333333,3
