geneID,x,y,z,intensity,seeds
camk2a,733.16175,2024.0395,2.75,1214.5,4
camk2a,754.16175,2034.2895,2.25,919.5,4
camk2a,710.635,2039.34666666667,0,1498,3
camk2a,718.41175,2034.0395,2.5,1002,4
camk2a,710.722,2035.67966666667,4,985.666666666667,3
epor,745.257,2030.90566666667,0,778.666666666667,3
