geneID,x,y,z,intensity,seeds
grm8,1674.33,1428.14833333333,0,543.666666666667,3
gucy1a2,1625.756,1418.22966666667,3.33333333333333,626.333333333333,3
il1r1,1621.42366666667,1454.14733333333,1,707,3
irs4,1659.67466666667,1411.78333333333,0.666666666666667,590,3
sox9,1668.26533333333,1445.097,0.333333333333333,650,3
tbk1,1642.60133333333,1450.66533333333,0.666666666666667,594,3
vdac2,1675.34133333333,1428.32966666667,1.33333333333333,613.666666666667,3
wnt10a,1670.318,1438.37733333333,1.33333333333333,601.333333333333,3
