geneID,x,y,z,intensity,seeds
adcy1,462.394333333333,1055.76233333333,0,646.666666666667,3
hmgcr,506.241333333333,1046.28266666667,2,640,3
krit1,482.734666666667,1084.431,3,612.666666666667,3
nrg3,468.739,1074.608,5,705,3
ryr3,504.788,1045.98333333333,0,608.333333333333,3
tgfbr1,506.108,1046.517,6,599,3
fake28,473.073666666667,1050.29866666667,6,649,3
fake28,469.073666666667,1074.29866666667,6,724.333333333333,3
