geneID,x,y,z,intensity,seeds
adcy1,1558.58875,815.777,0.75,705,4
tbc1d1,1541.975,812.886333333333,0,696.666666666667,3
