geneID,x,y,z,intensity,seeds
adcy1,939.287333333333,241.931,1,667.333333333333,3
hmgcr,909.317333333333,246.248666666667,0,527,3
il19,952.483,275.117,1,826,1
il20ra,893.398666666667,267.196,0,523.333333333333,3
p2rx7,952.058,275.278,1,585,3
senp2,911.516,228.369,0.333333333333333,621,3
tbc1d1,889.641666666667,249.886333333333,1.66666666666667,739.666666666667,3
vdac2,911.459,228.431,0,523,1
ywhaz,898.201,275.921333333333,1,659,3
