geneID,x,y,z,intensity,seeds
hmgcr,529.241333333333,1816.28266666667,3.66666666666667,581,3
tbk1,506.601333333333,1802.66533333333,2,588.666666666667,3
vdac2,507.6155,1802.2665,0,651,2
