geneID,x,y,z,intensity,seeds
gria1,1553.87033333333,1988.238,0,644,3
s1pr2,1562.667,2016.494,2.66666666666667,846,3
vdac2,1563.34133333333,2016.32966666667,0,860.666666666667,3
