geneID,x,y,z,intensity,seeds
adcy1,190.636333333333,1444.65933333333,4,698.666666666667,3
dusp4,145.037,1462.409,0,568,3
il20ra,145.41975,1462.17625,0,558,4
tbk1,200.601333333333,1441.66533333333,0,578,3
