geneID,x,y,z,intensity,seeds
adcy1,190.636333333333,1444.65933333333,4,698.666666666667,3
dusp4,145.037,1462.409,0,568,3
fzd2,145.918,1460.993,0,621,1
il20ra,145.41975,1462.17625,0,558,4
itgb2l,145.805,1462.012,0,599,1
ocrl,145.446,1461.13,0,586,1
ppp2ca,144.8845,1462.0655,0,627.5,2
sipa1l3,145.173,1461.339,0,608,1
tbk1,200.601333333333,1441.66533333333,0,578,3
