geneID,x,y,z,intensity,seeds
csnk1g3,20.898,1115.017,2,482,1
gabarapl1,14.328,1114.3775,5.5,691,4
gna13,21.28725,1118.75575,0,626,4
gnao1,4.92575,1131.7655,4.25,669.25,4
lfng,12.46775,1108.35425,1.25,605,4
magi2,20.2835,1114.79075,3,715,4
ncstn,11.2503333333333,1118.04466666667,6,790.666666666667,3
plpp3,17.89,1124.225,5,714,3
rragc,17.9746666666667,1112.32566666667,5,678.333333333333,3
spred1,12.3333333333333,1130.56433333333,5,938.333333333333,3
