geneID,x,y,z,intensity,seeds
gucy1a2,238.475,1887.491,0,885,1
map3k2,238.746,1887.106,4,935,1
map3k2,238.746,1887.106,0,1031,1
pla1a,238.6795,1886.461,0.5,965,2
rictor,239.493,1887.315,4,885,1
rragd,240.772,1887.102,6,1093,1
s1pr2,239.667,1887.494,0,1029.66666666667,3
s1pr2,239.667,1887.494,6,950,3
s1pr2,239.667,1887.494,3,999.666666666667,3
tnfsf14,238.6035,1886.962,4.5,949.5,2
tnfsf14,238.666,1887.273,0,963,1
