geneID,x,y,z,intensity,seeds
s1pr2,239.667,1887.494,0,1029.66666666667,3
s1pr2,239.667,1887.494,6,950,3
s1pr2,239.667,1887.494,3,999.666666666667,3
