geneID,x,y,z,intensity,seeds
apln,951.876,1201.805,0,572,1
cnr1,951.822333333333,1201.936,0,598.333333333333,3
ctnnb1,921.214666666667,1227.69033333333,2.33333333333333,829.666666666667,3
il20ra,935.728666666667,1204.13,6,574,3
phkb,924.936,1226.37933333333,3,844,3
ptk2b,956.069333333333,1192.909,0,556.666666666667,3
