geneID,x,y,z,intensity,seeds
adcy1,870.303,298.992666666667,0,732,3
il20ra,837.398666666667,260.196,0,599.666666666667,3
irs1,843.673333333333,322.282333333333,0,550.333333333333,3
itgb2l,869.502666666667,326.095,0,764.666666666667,3
psen2,824.700333333333,269.35,0,644.333333333333,3
tbk1,814.601333333333,278.665333333333,2.66666666666667,580,3
tbk1,861.601333333333,327.665333333333,4.66666666666667,617.333333333333,3
fake66,860.889666666667,327.001,0.666666666666667,620,3
