geneID,x,y,z,intensity,seeds
prkcg,823.834666666667,1683.478,6,630,3
ptger2,782.095333333333,1646.171,1,619,3
rab10,820.709,1671.69466666667,2,644,3
rictor,763.567,1650.447,5.33333333333333,627.666666666667,3
rictor,763.567,1650.447,0.666666666666667,633,3
taok1,769.207333333333,1640.993,2,649.666666666667,3
vdac2,764.341333333333,1650.32966666667,2,587.333333333333,3
