geneID,x,y,z,intensity,seeds
cacnb3,404.430666666667,1701.82266666667,4,614,3
