geneID,x,y,z,intensity,seeds
pdpk1,1152.307,1691.83066666667,0,723.666666666667,3
rab5b,1129.102,1663.835,3.66666666666667,608,3
