geneID,x,y,z,intensity,seeds
cul3,1280.49766666667,763.465666666667,0,652.666666666667,3
cysltr2,1257.47866666667,744.068,2.66666666666667,610,3
dlg2,1301.99566666667,759.121,6,654,3
gnb4,1299.45066666667,758.026333333333,3,748.666666666667,3
krit1,1285.628,761.105666666667,2,705,3
lamc2,1268.91666666667,732.759,4,584,3
nsmaf,1295.96233333333,743.557,5,601,3
vdac2,1255.34133333333,744.329666666667,5.66666666666667,653,3
