geneID,x,y,z,intensity,seeds
dlg2,1597.83233333333,79.2373333333333,6,617.666666666667,3
senp2,1608.516,102.369,0,594,3
tbk1,1607.60133333333,102.665333333333,5.66666666666667,595.666666666667,3
tgfbr1,1575.108,83.517,6,583.666666666667,3
