geneID,x,y,z,intensity,seeds
cul3,1572.49766666667,893.132333333333,0,538.333333333333,3
dkk1,1551.83366666667,923.462333333333,0,663.666666666667,3
s1pr2,1560.667,937.494,0,609.333333333333,3
tbk1,1557.4305,934.99725,2,751,4
thbs3,1558.94266666667,933.512333333333,2.66666666666667,569,3
ywhaz,1567.86766666667,884.921333333333,0,637.666666666667,3
fake28,1591.07366666667,945.298666666667,0,610.333333333333,3
fake55,1590.52933333333,945.551333333333,5.66666666666667,596.666666666667,3
fake61,1559.51466666667,936.077666666667,4,604,3
