geneID,x,y,z,intensity,seeds
ctnnb1,878.214666666667,451.357,5.33333333333333,713,3
eef2k,852.849666666667,396.003,4,714.333333333333,3
elavl1,877.196333333333,401.211,5.66666666666667,606,3
elavl1,864.529666666667,441.211,3,623,3
gria1,861.940666666667,409.720333333333,0,1014.66666666667,3
ksr2,866.967666666667,437.43,0.666666666666667,679,3
prkaa2,877.063666666667,445.536333333333,4.33333333333333,702.333333333333,3
taok1,874.068333333333,420.393,1,784,3
