geneID,x,y,z,intensity,seeds
itpr2,1450.5745,1252.695,0,562,2
nrg3,1443.53233333333,1227.23566666667,4.66666666666667,766,3
pfn2,1460.39933333333,1246.52,5.33333333333333,663.333333333333,3
plau,1451.697,1253.53533333333,6,593.666666666667,3
stk11,1450.769,1253.131,0,556,1
tbk1,1451.60133333333,1253.66533333333,0,592.666666666667,3
vdac2,1452.34133333333,1253.32966666667,1,615.666666666667,3
ywhaz,1451.201,1236.25466666667,0.666666666666667,666,3
fake13,1424.15033333333,1234.35233333333,0,778.666666666667,3
