geneID,x,y,z,intensity,seeds
vdac2,485.341333333333,1971.32966666667,2.33333333333333,596.666666666667,3
