geneID,x,y,z,intensity,seeds
cacnb1,485.172,1971.821,3,512,1
vdac2,485.341333333333,1971.32966666667,2.33333333333333,596.666666666667,3
