geneID,x,y,z,intensity,seeds
adcy1,1026.37033333333,79.422,1,716.333333333333,3
adcy1,1025.70366666667,59.7553333333333,4,571.666666666667,3
ryr3,1014.788,26.9833333333333,0,599.333333333333,3
sipa1l3,1047.36766666667,80.732,3,673.333333333333,3
tgfbr1,1016.108,27.517,3.66666666666667,592.666666666667,3
