geneID,x,y,z,intensity,seeds
akt3,934.040666666667,1948.47466666667,3,516.333333333333,3
dnm3,954.546333333333,1946.11633333333,3,542.666666666667,3
gabarapl1,925.043666666667,1907.80966666667,4,932,3
ppp2r5c,915.391666666667,1937.09166666667,0,1040.66666666667,3
prkce,946.414,1924.22133333333,6,622.666666666667,3
pten,902.456,1957.991,0.666666666666667,659.666666666667,3
rock2,913.683666666667,1958.493,0,601,3
slc8a2,925.20325,1977.017,0,822.25,4
