geneID,x,y,z,intensity,seeds
maml2,940.391,597.722666666667,6,763.333333333333,3
