geneID,x,y,z,intensity,seeds
adcy1,251.969666666667,1362.65933333333,6,589.333333333333,3
cacnb3,207.679333333333,1372.54666666667,6,740.666666666667,3
ksr2,197.952,1340.247,0,717.333333333333,3
plau,253.697,1335.53533333333,2.66666666666667,590.666666666667,3
rasgrp1,236.141666666667,1381.54933333333,5,658.666666666667,3
ryr3,242.134,1404.19275,2,603.25,4
fake42,243.95075,1404.634,5.5,657,4
