geneID,x,y,z,intensity,seeds
ctnnb1,891.104,573.29325,4,636.5,4
itpr2,879.869333333333,554.607,0,729,3
pdpk1,890.307,497.164,0,912,3
rasgrp1,884.179333333333,575.686,0.333333333333333,585.333333333333,3
s1pr2,878.667,562.494,5.66666666666667,594,3
skp2,878.081,562.078666666667,1,542.666666666667,3
vdac2,879.341333333333,562.329666666667,0,631.333333333333,3
fake28,891.479333333333,496.252,2,743.666666666667,3
