geneID,x,y,z,intensity,seeds
pdpk1,1039.035,1311.95633333333,0,547,3
prkcg,1039.83466666667,1312.478,6,594,3
