geneID,x,y,z,intensity,seeds
apln,1038.876,1311.805,6,552,1
arnt,1038.746,1312.106,0,540,1
cacnb1,1040.472,1312.4615,5,641.5,2
pdpk1,1039.035,1311.95633333333,0,547,3
prkcg,1039.83466666667,1312.478,6,594,3
ptk2b,1038.769,1312.131,0,560,1
stk11,1038.626,1311.624,5,558.5,2
trp53,1038.596,1311.618,6,589.5,2
