geneID,x,y,z,intensity,seeds
cnr1,1164.82233333333,883.936,5.66666666666667,621,3
ntf3,1189.07366666667,911.988333333333,0,726.333333333333,3
prkaa1,1173.95666666667,921.246333333333,2,549,3
taok1,1192.874,915.326333333333,0,619.333333333333,3
tnfsf14,1165.10375,884.2375,0,639.75,4
ywhaz,1170.201,906.588,6,696,3
fake28,1166.07366666667,884.298666666667,4,649.333333333333,3
fake42,1177.85533333333,938.633333333333,0,762.333333333333,3
fake44,1186.71633333333,942.175333333333,0.333333333333333,745,3
