geneID,x,y,z,intensity,seeds
krit1,1223.73466666667,731.431,2.66666666666667,584,3
map3k4,1236.28433333333,713.546,0,769,3
pkn3,1262.41966666667,709.953666666667,6,616,3
prkaa2,1262.397,709.536333333333,0,837.666666666667,3
tgfbr1,1264.108,707.517,0,603,3
tnfsf14,1241.05433333333,738.134333333333,0.666666666666667,595.666666666667,3
