geneID,x,y,z,intensity,seeds
dlg4,641.9605,1784.1395,0,555,2
gucy1a2,641.475,1784.491,5,548,1
pi4kb,642.639,1784.561,6,615.666666666667,3
pla1a,641.876,1783.805,5,595,1
senp2,643.983,1784.549,0,542,1
sox9,642.364333333333,1784.36666666667,4,578.333333333333,3
stk11,641.626,1783.624,6,533.5,2
taok2,620.286,1777.18233333333,3,645,3
vdac2,643.341333333333,1784.32966666667,0,621.333333333333,3
fake20,643.772,1784.102,6,702,1
