geneID,x,y,z,intensity,seeds
pi4kb,642.639,1784.561,6,615.666666666667,3
sox9,642.364333333333,1784.36666666667,4,578.333333333333,3
taok2,620.286,1777.18233333333,3,645,3
vdac2,643.341333333333,1784.32966666667,0,621.333333333333,3
