geneID,x,y,z,intensity,seeds
adcy1,1275.954,1965.59766666667,0,631,3
il11,1307.416,1948.322,6,603.666666666667,3
p2rx6,1306.32566666667,1948.38566666667,4.66666666666667,598.666666666667,3
