geneID,x,y,z,intensity,seeds
dlg2,368.057,1787.91333333333,0,557.666666666667,3
hmgcr,369.241333333333,1788.28266666667,6,608,3
irs1,369.673333333333,1788.28233333333,0.333333333333333,576.333333333333,3
fake55,304.529333333333,1735.55133333333,0.333333333333333,592.666666666667,3
