geneID,x,y,z,intensity,seeds
dlg2,656.329,1479.121,1,767,3
ihh,680.536,1452.338,0,549.5,2
ksr1,714.27,1486.23766666667,0,635,3
rictor,681.567,1453.447,1.66666666666667,605,3
stim2,705.252333333333,1442.25266666667,3,673.333333333333,3
fake55,681.38,1453.628,1,513,1
