geneID,x,y,z,intensity,seeds
grm8,566.33,1966.14833333333,0,643,3
irs1,567.673333333334,1966.28233333333,0,621.666666666667,3
rictor,566.567,1966.447,4.33333333333333,650,3
