geneID,x,y,z,intensity,seeds
grm8,566.33,1966.14833333333,0,643,3
irs1,567.673333333334,1966.28233333333,0,621.666666666667,3
irs1,568.244,1965.842,3,634,1
mecom,565.876,1965.805,0,619,1
pip4k2b,565.769,1966.131,0,625,1
rictor,566.567,1966.447,4.33333333333333,650,3
skp2,565.746,1966.106,0,620,1
tbk1,566.776,1966.7245,2.5,620,2
tnfsf14,565.666,1966.273,0,630,1
vdac2,566.793,1966.456,6,591,1
fake49,567.459,1966.431,0,616,1
