geneID,x,y,z,intensity,seeds
ctnnb1,654.203666666667,1839.387,6,617,3
grm8,653.33,1839.14833333333,5,557.333333333333,3
hmgcr,654.241333333333,1839.28266666667,3,608.666666666667,3
tgfbr1,606.108,1865.517,3,609.333333333333,3
