geneID,x,y,z,intensity,seeds
ctnnb1,654.203666666667,1839.387,6,617,3
dlg4,652.9605,1839.1395,3,580,2
grm8,653.33,1839.14833333333,5,557.333333333333,3
hmgcr,654.241333333333,1839.28266666667,3,608.666666666667,3
krit1,654.459,1839.431,0,579,1
rictor,653.7245,1839.397,0,569.5,2
s1pr2,653.793,1839.456,1,594,1
tbk1,654.172,1839.821,0,562,1
tgfbr1,606.108,1865.517,3,609.333333333333,3
tnfsf14,652.666,1839.273,5,568,1
