geneID,x,y,z,intensity,seeds
apc2,558.009333333333,1947.51733333333,4.66666666666667,602.333333333333,3
map3k2,510.846333333333,1968.10133333333,4,624.333333333333,3
nrg3,527.739,1967.608,0,635,3
ppp2r2d,510.854,1968.10966666667,0,615.333333333333,3
tbk1,527.601333333333,1967.66533333333,3.66666666666667,579.666666666667,3
tgfbr1,496.108,1911.517,0,577,3
