geneID,x,y,z,intensity,seeds
cacnb3,962.012666666667,1631.88,0,569.333333333333,3
dlg2,937.329,1642.121,2,760,3
gria1,922.940666666667,1590.387,0,897.666666666667,3
prkd1,957.10975,1626.2715,3.5,625.5,4
wnt2,957.746,1627.106,3,648,1
