geneID,x,y,z,intensity,seeds
becn1,1082.213,448.918,6,709.333333333333,3
dlg2,1058.99566666667,462.121,4.33333333333333,688,3
dusp4,1096.08633333333,430.040666666667,0.666666666666667,697.666666666667,3
gria1,1039.274,399.387,0,837,3
gria1,1080.60733333333,415.387,0,715,3
prkaa1,1044.20033333333,470.798333333333,0.666666666666667,672,3
ptk2b,1048.529,467.156666666667,0.333333333333333,632,3
sipa1l3,1026.09766666667,416.995333333333,0,612.333333333333,3
ywhaz,1042.53433333333,426.921333333333,6,678.666666666667,3
