geneID,x,y,z,intensity,seeds
gria1,1600.173,789.339,2,825,1
pi4kb,1579.639,788.561,6,668.333333333333,3
fake4,1599.81266666667,788.791666666667,2,695,3
