geneID,x,y,z,intensity,seeds
mapk8ip3,787.614666666667,1406.926,3,615.333333333333,3
ppp2r2c,781.869,1397.673,3.33333333333333,565.666666666667,3
rragd,789.3315,1407.26225,4,777.5,4
sox9,792.985666666667,1406.77133333333,1.33333333333333,647.333333333333,3
tnfsf14,787.819666666667,1407.157,5,637.666666666667,3
