geneID,x,y,z,intensity,seeds
map3k4,1212.97766666667,1999.12133333333,3,740,3
nrg3,1191.739,1921.608,2.66666666666667,610.666666666667,3
ocrl,1192.361,1921.30033333333,0,580.666666666667,3
