geneID,x,y,z,intensity,seeds
apln,1190.446,1920.13,6,578,1
map3k4,1212.97766666667,1999.12133333333,3,740,3
map3k4,1192.172,1921.821,6,527,1
nrg3,1191.739,1921.608,2.66666666666667,610.666666666667,3
ocrl,1192.361,1921.30033333333,0,580.666666666667,3
pla1a,1190.6795,1920.461,2.5,566,2
