geneID,x,y,z,intensity,seeds
hmgcr,231.241333333333,1611.28266666667,0,603,3
il20ra,190.398666666667,1608.196,0,565.333333333333,3
irs1,242.673333333333,1593.28233333333,0,578,3
nrg3,230.739,1611.608,2.33333333333333,603.666666666667,3
pdpk1,241.035,1592.95633333333,0,579.333333333333,3
plau,230.697,1611.53533333333,4,600,3
ppp2r2c,215.236666666667,1593.836,1.33333333333333,543.666666666667,3
rapgef4,244.876333333333,1552.29033333333,4,624,3
