geneID,x,y,z,intensity,seeds
ctnnb1,1800.20366666667,1013.387,5.66666666666667,581.666666666667,3
krit1,1800.459,1013.431,0,549,1
map3k2,1798.746,1013.106,1,554,1
ptk2b,1818.40266666667,1015.24233333333,0.666666666666667,588.666666666667,3
rictor,1799.567,1013.447,0,606,3
tnfsf14,1798.6035,1012.962,1,551.5,2
