geneID,x,y,z,intensity,seeds
cyth2,1260.292,919.295666666667,2.66666666666667,601.333333333333,3
