geneID,x,y,z,intensity,seeds
pdgfc,844.722333333333,1148.97333333333,3.66666666666667,567.666666666667,3
plau,871.9195,1191.5295,0,564,2
ppp2r2d,870.854,1191.10966666667,0,597.666666666667,3
ptk2b,845.069333333333,1199.909,0,571.333333333333,3
s1pr2,871.793,1191.456,1,534,1
tbk1,845.252,1200.547,2,714,1
tgfbr1,846.772,1200.102,1,717,1
ywhaz,844.876,1199.805,0,635,1
