geneID,x,y,z,intensity,seeds
pdgfc,844.722333333333,1148.97333333333,3.66666666666667,567.666666666667,3
ppp2r2d,870.854,1191.10966666667,0,597.666666666667,3
ptk2b,845.069333333333,1199.909,0,571.333333333333,3
