geneID,x,y,z,intensity,seeds
camk2a,430.41175,1922.2895,0,1319.75,4
camk2a,440.723666666667,1901.22266666667,5.66666666666667,1069.66666666667,3
camk2a,431.66175,1929.0395,3.5,1076.5,4
ywhag,422.2485,1890.11975,1.75,919.25,4
