geneID,x,y,z,intensity,seeds
dlg2,1204.329,893.121,2.66666666666667,713.666666666667,3
il11,1261.416,907.322,1.33333333333333,604,3
