geneID,x,y,z,intensity,seeds
irs1,818.673333333333,142.282333333333,0,542.666666666667,3
irs4,837.904333333333,149.351333333333,0,673,3
lefty1,817.292333333333,142.252666666667,0,544.333333333333,3
ocrl,766.361,137.300333333333,6,526,3
prkcg,800.834666666667,94.478,4.66666666666667,588,3
s1pr2,821.667,110.494,0,1097.66666666667,3
s1pr2,821.667,110.494,5,1063,3
ywhaz,765.105,136.800333333333,2.66666666666667,563.333333333333,3
