geneID,x,y,z,intensity,seeds
ctnnb1,706.203666666667,1850.387,2.66666666666667,614.333333333333,3
pi4kb,734.639,1859.561,3.66666666666667,802.333333333333,3
ppp2r2d,704.854,1850.10966666667,4.66666666666667,600.666666666667,3
rictor,705.567,1850.447,0.333333333333333,593.666666666667,3
senp2,735.516,1859.369,5.66666666666667,790.666666666667,3
