geneID,x,y,z,intensity,seeds
fake20,1332.14566666667,1825.41266666667,0.333333333333333,594.333333333333,3
