geneID,x,y,z,intensity,seeds
mecom,1330.876,1824.805,0,591,1
pip4k2b,1330.655,1824.891,0.5,559.5,2
fake20,1332.14566666667,1825.41266666667,0.333333333333333,594.333333333333,3
