geneID,x,y,z,intensity,seeds
arnt,493.061666666667,1518.90066666667,6,552.333333333333,3
cacnb3,505.346,1498.88,3.66666666666667,797.333333333333,3
csf3,475.38125,1512.29925,0,597.5,4
dusp2,471.395,1462.598,0,530,3
gria1,449.537,1497.238,3,737.666666666667,3
hkdc1,465.5015,1517.77225,5.5,717,4
ocrl,453.361,1505.63366666667,6,566,3
ywhaz,495.358666666667,1518.37533333333,6,580.333333333333,3
fake33,475.081333333333,1511.83233333333,0,672,3
fake55,486.529333333333,1521.55133333333,0,639,3
