geneID,x,y,z,intensity,seeds
ctnnb1,1262.88133333333,1268.69033333333,2,559,3
hmgcr,1242.24133333333,1307.28266666667,6,639,3
il20ra,1253.732,1295.52933333333,0,614.666666666667,3
mapk8ip3,1244.291,1254.028,1.66666666666667,1014.33333333333,3
prkaa2,1252.397,1265.203,6,679,3
sipa1l1,1254.19333333333,1282.36633333333,0,651.666666666667,3
ywhaz,1252.53433333333,1264.25466666667,0,579.666666666667,3
fake20,1242.172,1307.821,6,537,1
