geneID,x,y,z,intensity,seeds
ccnd2,61.043,1730.0195,6,1009.75,4
eif4b,74.81175,1760.6745,6,1005,4
gabbr2,76.72975,1741.3305,5,740.75,4
phlpp1,77.345,1726.37166666667,2,613.333333333333,3
pten,49.542,1745.99925,4,725.25,4
rab11b,49.9693333333333,1755.14866666667,5,645.666666666667,3
