geneID,x,y,z,intensity,seeds
kif3a,1430.21066666667,934.5,6,696,3
senp2,1473.516,933.369,0,609.333333333333,3
socs4,1457.93166666667,961.32,0,606.333333333333,3
tbk1,1472.60133333333,933.665333333333,5.66666666666667,581.333333333333,3
