geneID,x,y,z,intensity,seeds
ctnnb1,675.203666666667,240.387,0.333333333333333,588.333333333333,3
rragd,658.456666666667,275.19,0,781.666666666667,3
