geneID,x,y,z,intensity,seeds
ctnnb1,675.203666666667,240.387,0.333333333333333,588.333333333333,3
itpr2,673.483,232.117,0,680,1
pla1a,673.876,232.805,0,578,1
rragd,658.456666666667,275.19,0,781.666666666667,3
ryr3,675.172,233.821,0,586,1
wnt2,673.746,233.106,0,544,1
