geneID,x,y,z,intensity,seeds
dgkh,1561.18866666667,741.737333333333,0,641,3
grin2d,1531.31766666667,741.724333333333,3,577,3
ikbkg,1583.836,730.525,3,604,3
ppp2r2d,1562.854,767.109666666667,3,599,3
trp53,1562.596,766.618,4,562,2
vdac2,1564.772,767.102,5,775,1
ywhaz,1544.201,754.254666666667,0,632.333333333333,3
fake30,1542.006,762.217,0,640.333333333333,3
