geneID,x,y,z,intensity,seeds
dlg4,1096.12666666667,596.236666666667,0,704.333333333333,3
il2rg,1108.12533333333,594.011,0,653.333333333333,3
