geneID,x,y,z,intensity,seeds
irs1,1627.67333333333,1877.28233333333,0.333333333333333,529,3
nrg3,1653.739,1925.608,0,638,3
tbk1,1626.60133333333,1877.66533333333,2.33333333333333,582,3
ywhaz,1615.63975,1919.06075,0,725.5,4
