geneID,x,y,z,intensity,seeds
irs1,1627.67333333333,1877.28233333333,0.333333333333333,529,3
nrg3,1653.739,1925.608,0,638,3
p2rx6,1652.769,1925.131,1,516,1
pi4kb,1653.493,1925.315,0,554,1
senp2,1654.983,1925.549,0,520,1
tbk1,1626.60133333333,1877.66533333333,2.33333333333333,582,3
ywhaz,1615.63975,1919.06075,0,725.5,4
