geneID,x,y,z,intensity,seeds
adcy1,777.636333333333,211.326,0,647.333333333333,3
ctnnb1,777.319,196.914,3,696.333333333333,3
cyth2,779.292,202.295666666667,1.33333333333333,570.333333333333,3
ppp2r2c,828.282,213.764666666667,0.666666666666667,586,3
