geneID,x,y,z,intensity,seeds
adcy1,603.33875,1897.527,4,604.75,4
nrg3,655.172,1956.821,0,549,1
prkcg,655.459,1956.431,0,549,1
rictor,654.493,1956.315,0,523,1
s1pr2,654.667,1956.494,0,603.666666666667,3
fake55,654.38,1956.628,0,550,1
