geneID,x,y,z,intensity,seeds
adcy1,603.33875,1897.527,4,604.75,4
s1pr2,654.667,1956.494,0,603.666666666667,3
