geneID,x,y,z,intensity,seeds
cnr1,1709.82233333333,1963.936,6,601.666666666667,3
sipa1l3,1717.76433333333,2038.99533333333,3.33333333333333,606.666666666667,3
