geneID,x,y,z,intensity,seeds
dlg2,588.832333333333,1810.23733333333,1,598.333333333333,3
