geneID,x,y,z,intensity,seeds
cacnb1,808.245666666667,1078.45966666667,0,595.333333333333,3
krit1,807.734666666667,1078.431,1,608.333333333333,3
pip4k2b,841.088666666667,1095.087,5.66666666666667,551.333333333333,3
prkaa1,846.189,1135.50366666667,2.66666666666667,805.666666666667,3
ywhaz,818.534333333333,1151.25466666667,6,647.333333333333,3
fake20,842.145666666667,1095.41266666667,3.66666666666667,600,3
fake28,808.073666666667,1078.29866666667,3.33333333333333,590.666666666667,3
fake55,842.529333333333,1115.55133333333,6,625,3
