geneID,x,y,z,intensity,seeds
gucy1a2,1939.756,1890.22966666667,3.66666666666667,784.333333333333,3
il20ra,1970.39866666667,1837.196,0,539.333333333333,3
ngf,1945.31966666667,1846.99366666667,6,585.666666666667,3
s1pr2,1940.667,1890.494,6,779.333333333333,3
vdac2,1941.34133333333,1890.32966666667,0,778.666666666667,3
