geneID,x,y,z,intensity,seeds
adcy1,813.394333333333,1744.09566666667,3,562.333333333333,3
ctnnb1,839.881333333333,1722.69033333333,0.666666666666667,639.666666666667,3
hmgcr,829.241333333333,1743.28266666667,0,610,3
pi4kb,828.639,1743.561,3.33333333333333,701,3
pip4k2b,841.07,1722.57366666667,0,671,3
