geneID,x,y,z,intensity,seeds
ctnnb1,1079.548,633.357,1,823.666666666667,3
irs1,1043.67333333333,568.282333333333,4.33333333333333,599.666666666667,3
itga1,1082.14233333333,629.574333333333,0.333333333333333,646.333333333333,3
plau,1042.697,568.535333333333,6,617.333333333333,3
ywhaz,1073.53433333333,644.588,6,561,3
ywhaz,1058.201,648.588,6,803,3
ywhaz,1052.53433333333,650.588,0,828,3
