geneID,x,y,z,intensity,seeds
gria1,831.940666666667,1631.387,0.333333333333333,732.666666666667,3
rasgrf2,862.209666666667,1631.86466666667,4,711,3
trpc6,823.708333333333,1616.23466666667,0,710,3
ywhaz,838.534333333333,1644.92133333333,4,638.333333333333,3
