geneID,x,y,z,intensity,seeds
ctnnb1,1178.34533333333,1056.84833333333,6,681,3
grm8,1199.33,1036.14833333333,4,575.666666666667,3
prkcg,1172.83466666667,1024.478,6,775,3
prkcg,1199.83466666667,1036.478,1.33333333333333,612,3
rap1gap,1172.02266666667,1023.96066666667,4,759,3
ywhaz,1207.53433333333,1029.92133333333,6,717.333333333333,3
