geneID,x,y,z,intensity,seeds
dlg2,1196.98575,744.2105,0.75,751,4
gria1,1187.94066666667,736.387,0,756,3
ywhaz,1210.86766666667,759.921333333333,6,679.333333333333,3
