geneID,x,y,z,intensity,seeds
acvr2a,925.265666666667,1149.603,0.333333333333333,621,3
ctnnb1,975.214666666667,1115.357,4,570,3
grm8,978.33,1153.14833333333,0,624,3
irs1,979.673333333333,1153.28233333333,3.66666666666667,607.333333333333,3
ppp2r2d,977.854,1153.10966666667,6,689.333333333333,3
ywhaz,955.201,1157.25466666667,0,655.666666666667,3
