geneID,x,y,z,intensity,seeds
cacnb1,1505.24566666667,63.4596666666667,2.66666666666667,607.333333333333,3
dlg2,1546.329,12.121,6,662,3
irs1,1505.67333333333,63.2823333333333,0,525.333333333333,3
vdac2,1505.34133333333,63.3296666666667,6,631.333333333333,3
fake20,1500.14566666667,68.0793333333333,3,698,3
