geneID,x,y,z,intensity,seeds
grin3b,833.04,1347.88233333333,1.66666666666667,784.666666666667,3
itpr2,828.800333333333,1354.31233333333,5.66666666666667,651.333333333333,3
mapk8ip2,808.969333333333,1336.647,0.333333333333333,616,3
mknk1,828.774,1355.392,0,531,3
rasgrp1,805.738666666667,1349.583,2.66666666666667,679.666666666667,3
ywhaz,830.867666666667,1334.92133333333,1.33333333333333,724.666666666667,3
