geneID,x,y,z,intensity,seeds
hmgcr,1294.24133333333,819.282666666667,0,606.666666666667,3
mapk8ip2,1292.96933333333,804.980333333333,0,567.666666666667,3
senp2,1294.516,819.369,6,607.666666666667,3
tbk1,1293.60133333333,819.665333333333,5.66666666666667,598.666666666667,3
