geneID,x,y,z,intensity,seeds
hmgcr,1294.24133333333,819.282666666667,0,606.666666666667,3
irs1,1295.1135,819.1955,1.5,535,2
mapk8ip2,1292.96933333333,804.980333333333,0,567.666666666667,3
nrg3,1293.712,819.684,1.5,633.5,2
pla1a,1292.876,818.805,0,557,1
senp2,1294.516,819.369,6,607.666666666667,3
stk11,1292.626,818.624,0,535.5,2
tbk1,1293.60133333333,819.665333333333,5.66666666666667,598.666666666667,3
tbk1,1293.38,819.628,2,520,1
wnt2,1292.746,819.106,0,593,1
