geneID,x,y,z,intensity,seeds
pde4a,1119.82466666667,518.360666666667,3,620.333333333333,3
ywhaz,1087.201,511.254666666667,3,800.666666666667,3
ywhaz,1070.86766666667,549.588,0.333333333333333,616.666666666667,3
