geneID,x,y,z,intensity,seeds
ctnnb1,880.772,883.102,3,729,1
il20ra,866.459,922.431,4,653,1
mknk1,902.684333333333,900.944,0,608,3
ppp2r2c,865.38,922.628,3,613,1
rbl2,855.707666666667,915.51,4,787.333333333333,3
sox9,855.364333333333,849.366666666667,0.333333333333333,597.333333333333,3
tnfsf14,878.819666666667,883.157,2.66666666666667,635,3
vdac2,852.341333333333,911.329666666667,4,618,3
ywhaz,905.534333333333,852.921333333333,0,887,3
ywhaz,860.201,912.588,6,647,3
ywhaz,859.201,914.588,0,720,3
