geneID,x,y,z,intensity,seeds
fzd8,1804.614,25.781,6,565.5,2
ywhaz,1804.201,23.9213333333333,6,633.333333333333,3
fake19,1818.47633333333,56.8273333333333,5.66666666666667,672.666666666667,3
fake22,1837.94033333333,24.7486666666667,1.33333333333333,634.333333333333,3
