geneID,x,y,z,intensity,seeds
col5a3,422.402,1587.26233333333,0,560,3
il20ra,430.398666666667,1602.196,0,521.666666666667,3
p2rx6,422.325666666667,1587.38566666667,3,613.666666666667,3
vdac2,423.341333333333,1587.32966666667,6,649.333333333333,3
fake49,423.498666666667,1587.243,0,567.666666666667,3
