geneID,x,y,z,intensity,seeds
cacnb3,774.097333333333,1929.82266666667,0,696,3
hmgcr,809.241333333333,1903.28266666667,0,605.333333333333,3
krit1,808.734666666667,1903.431,6,600.666666666667,3
ocrl,839.361,1924.30033333333,0,521.666666666667,3
