geneID,x,y,z,intensity,seeds
adcy1,875.287333333333,354.931,2,599,3
gria1,874.940666666667,391.720333333333,0,615.333333333333,3
maml2,893.724333333333,380.722666666667,3.33333333333333,722,3
stk11,902.12175,393.836,0,632.5,4
tbk1,893.183333333333,350.722666666667,4.66666666666667,813.333333333333,3
ywhaz,892.867666666667,379.588,0.333333333333333,644,3
