geneID,x,y,z,intensity,seeds
dgkh,1107.02033333333,1136.244,0.333333333333333,631,3
ifnar1,1067.70233333333,1064.75366666667,1,881.333333333333,3
nsmaf,1103.78566666667,1145.82033333333,4,760,3
tgfbr1,1073.039,1112.08733333333,3.33333333333333,736.666666666667,3
ywhaz,1077.86766666667,1064.92133333333,3,842.666666666667,3
fake28,1086.07366666667,1098.29866666667,0,613,3
