geneID,x,y,z,intensity,seeds
ctnnb1,1419.98566666667,886.580666666667,1.66666666666667,682.333333333333,3
egln1,1421.778,863.39225,1.25,665.75,4
gucy1a2,1445.756,869.229666666667,0,640.333333333333,3
hmgcr,1394.24133333333,868.282666666667,4,588.333333333333,3
sstr2,1423.81766666667,886.639666666667,6,746.333333333333,3
tbk1,1446.60133333333,869.665333333333,4.33333333333333,595.333333333333,3
vdac2,1411.34133333333,873.329666666667,0,675,3
fake55,1410.52933333333,873.551333333333,2.33333333333333,635,3
