geneID,x,y,z,intensity,seeds
cacnb3,615.988666666667,1477.53966666667,0,573.333333333333,3
ctnnb1,583.203666666667,1448.387,6,597.666666666667,3
fgf13,588.617333333333,1458.305,5,648.333333333333,3
grm8,619.33,1478.14833333333,0,546.666666666667,3
ocrl,599.361,1493.30033333333,0,550.666666666667,3
rbl2,609.999666666667,1466.77366666667,0,581.333333333333,3
senp2,583.516,1448.369,1,636.333333333333,3
ywhaz,603.534333333333,1463.92133333333,1,583,3
fake20,583.145666666667,1448.41266666667,3.33333333333333,605.333333333333,3
