geneID,x,y,z,intensity,seeds
il20ra,914.398666666667,1958.196,0,550,3
fake20,933.145666666667,1948.41266666667,0,604.333333333333,3
fake20,954.145666666667,1978.41266666667,4.33333333333333,613.333333333333,3
fake55,913.529333333333,1958.55133333333,5,598.333333333333,3
