geneID,x,y,z,intensity,seeds
gnao1,1145.17575,1952.0155,2,744,4
insr,1147.224,1957.298,2,694.666666666667,3
itga8,1144.86766666667,1965.27966666667,0,618.333333333333,3
plpp3,1146.70533333333,1955.78233333333,5,683,3
slc8a2,1168.20325,1985.267,4,1038.25,4
