geneID,x,y,z,intensity,seeds
adcy1,728.727666666667,1704.09566666667,4,582.333333333333,3
cacnb1,723.245666666667,1733.45966666667,3,603,3
tnfsf14,722.291333333333,1733.433,0,617,3
