geneID,x,y,z,intensity,seeds
apc,1428.391,1860.19775,2,785.5,4
dnm3,1456.717,1825.13425,2,639,4
drd5,1436.46133333333,1840.44566666667,0,556,3
gabarapl1,1434.328,1876.6275,0,925.5,4
mapk1,1458.15725,1846.35525,4,633.5,4
mapk1,1428.719,1865.09866666667,6,614.666666666667,3
rraga,1442.27675,1850.87225,2.25,858.5,4
