geneID,x,y,z,intensity,seeds
cnr1,1405.82233333333,1855.936,6,586.333333333333,3
ppp2r2c,1357.70233333333,1860.86233333333,1,616,3
ppp2r2c,1342.90333333333,1860.16933333333,3,657,3
prkcg,1354.83466666667,1832.478,2.66666666666667,684.333333333333,3
s1pr2,1354.667,1832.494,6,663.333333333333,3
skp2,1354.081,1832.07866666667,0.666666666666667,639.666666666667,3
sox9,1354.36433333333,1832.36666666667,4,631.666666666667,3
stk11,1405.83466666667,1855.93166666667,3.33333333333333,591,3
fake20,1355.14566666667,1832.41266666667,0,669,3
