geneID,x,y,z,intensity,seeds
col11a2,1562.13,2015.97233333333,2,788.333333333333,3
gnao1,1572.275,2002.752,0,561,3
grin2a,1557.07066666667,2037.27133333333,0,602.333333333333,3
map2k7,1519.80166666667,1981.13833333333,4.33333333333333,647.333333333333,3
plk2,1563.344,2016.33833333333,6,826.333333333333,3
prkce,1545.78,1991.8675,0.25,668,4
rab11b,1543.96866666667,1994.21033333333,5.33333333333333,561.666666666667,3
rapgef5,1532.612,1985.28166666667,6,640,3
