geneID,x,y,z,intensity,seeds
adcy1,894.969666666667,1122.65933333333,0,521,3
dusp2,884.728666666667,1097.77066666667,5,693.666666666667,3
map3k2,879.846333333333,1116.10133333333,6,633.666666666667,3
pfn2,876.732666666667,1108.85333333333,6,619.666666666667,3
prkcg,905.834666666667,1077.478,3,806.333333333333,3
tbk1,865.49,1057.48066666667,3,729.666666666667,3
vdac2,894.341333333333,1042.32966666667,0.666666666666667,586.666666666667,3
ywhaz,900.867666666667,1093.588,0,573,3
ywhaz,853.534333333333,1087.92133333333,6,678.666666666667,3
