geneID,x,y,z,intensity,seeds
adcy1,1430.303,688.659333333333,0,647,3
cnr1,1409.89133333333,685.230666666667,4,583.333333333333,3
cul3,1388.16433333333,685.465666666667,6,619.333333333333,3
cyth2,1423.292,672.629,4,709,3
fgf13,1386.284,674.971666666667,0,647.666666666667,3
tbc1d1,1418.975,660.886333333333,0,739.666666666667,3
tgfbr1,1419.37233333333,705.087333333333,5.33333333333333,763,3
ywhaz,1407.86766666667,664.921333333333,2,622,3
ywhaz,1399.86766666667,689.254666666667,3,604.333333333333,3
