geneID,x,y,z,intensity,seeds
cnr1,379.822333333333,2010.936,6,586,3
krit1,380.734666666667,2011.431,0,596,3
