geneID,x,y,z,intensity,seeds
cnr1,379.822333333333,2010.936,6,586,3
hmgcr,381.772,2011.102,0,704,1
krit1,380.734666666667,2011.431,0,596,3
plau,380.38,2011.628,0,531,1
trp53,379.596,2010.618,1,538,2
