geneID,x,y,z,intensity,seeds
daam2,1187.80833333333,1647.457,0,528.666666666667,3
ikbkg,1175.175,1626.441,3.66666666666667,644.333333333333,3
ksr1,1175.59766666667,1647.754,0.666666666666667,553,3
ppp2ca,1186.99866666667,1647.174,6,538.333333333333,3
sipa1l3,1179.431,1612.662,5,831.333333333333,3
stim2,1179.25233333333,1620.91933333333,6,835.666666666667,3
taok1,1176.874,1612.993,1,691.333333333333,3
ywhaz,1182.86766666667,1604.92133333333,0,733.333333333333,3
