geneID,x,y,z,intensity,seeds
dlg2,751.329,1457.45433333333,5,670,3
ifnar1,769.14,1453.31066666667,0,685,3
itpka,752.484666666667,1457.51,0,562.333333333333,3
ocrl,745.356666666667,1471.2,4.33333333333333,636.666666666667,3
sipa1l3,745.010666666667,1477.56433333333,6,567.666666666667,3
taok1,754.874,1460.32633333333,0,609.333333333333,3
tbk1,773.601333333333,1477.66533333333,1,678.333333333333,3
