geneID,x,y,z,intensity,seeds
ctnnb1,1162.38,1337.628,0,532,1
krit1,1163.459,1337.431,6,541,1
limd1,1163.983,1337.549,1,536,1
map3k4,1162.064,1337.176,0,652.5,2
mpl,1164.237,1337.636,0,544,1
pfn2,1152.066,1336.18666666667,0,675.666666666667,3
pi4kb,1162.639,1337.561,4,605,3
plau,1204.697,1318.53533333333,2.66666666666667,599.666666666667,3
rictor,1162.567,1337.447,6,597.333333333333,3
rictor,1162.956,1337.479,3,537,1
fake20,1162.8325,1337.568,0,577,2
