geneID,x,y,z,intensity,seeds
pfn2,1152.066,1336.18666666667,0,675.666666666667,3
pi4kb,1162.639,1337.561,4,605,3
plau,1204.697,1318.53533333333,2.66666666666667,599.666666666667,3
rictor,1162.567,1337.447,6,597.333333333333,3
