geneID,x,y,z,intensity,seeds
ctnnb1,635.104,441.29325,0,691.75,4
cul3,634.831,489.465666666667,5,719.666666666667,3
fgf13,627.284,491.638333333333,0,859,3
flnb,621.118666666667,475.081666666667,4.33333333333333,591,3
kat2a,568.951333333333,432.062,0,669.333333333333,3
map2k4,634.266,442.14025,0,777.75,4
pdpk1,611.307,439.830666666667,0,893,3
tnfrsf11a,592.281666666667,463.341666666667,2,549.666666666667,3
