geneID,x,y,z,intensity,seeds
camk2a,197.057,2047.22266666667,0,985,3
mras,209.281666666667,2039.538,0,731,3
