geneID,x,y,z,intensity,seeds
atp1a2,1073.71033333333,1937.008,4.33333333333333,803,3
egln1,1068.92566666667,1890.449,4,729,3
hmgcr,1089.24133333333,1880.28266666667,0,591,3
pak7,1101.29966666667,1919.61966666667,0.666666666666667,595.333333333333,3
s1pr2,1088.667,1880.494,6,630.333333333333,3
fake66,1087.88966666667,1880.001,1,613.666666666667,3
