geneID,x,y,z,intensity,seeds
ctnnb1,363.214666666667,179.357,0,626.666666666667,3
gucy1a2,307.475,195.491,0,649,1
gucy1a2,307.508,195.071,4,697.5,2
ppp2r2d,307.769,195.131,0,635,1
ptk2b,332.069333333333,146.909,0,533,3
s1pr2,308.667,195.494,3.33333333333333,736,3
s1pr2,308.667,195.494,0.333333333333333,725.333333333333,3
tgfbr1,309.472,195.4615,2,764,2
tnfsf14,307.666,195.273,0,694,1
