geneID,x,y,z,intensity,seeds
ctnnb1,363.214666666667,179.357,0,626.666666666667,3
ptk2b,332.069333333333,146.909,0,533,3
s1pr2,308.667,195.494,3.33333333333333,736,3
s1pr2,308.667,195.494,0.333333333333333,725.333333333333,3
