geneID,x,y,z,intensity,seeds
hmgcr,740.241333333333,1936.28266666667,0,611.333333333333,3
plau,739.697,1960.53533333333,0.666666666666667,610,3
ptk2b,739.069333333333,1959.909,2,544,3
sipa1l1,759.125,1977.909,4,698,3
fake20,740.145666666667,1936.41266666667,6,584.333333333333,3
