geneID,x,y,z,intensity,seeds
map3k2,1197.84633333333,1617.10133333333,0,751,3
senp2,1199.516,1617.369,5.66666666666667,747.333333333333,3
vdac2,1264.34133333333,1635.32966666667,0,657,3
