geneID,x,y,z,intensity,seeds
hmgcr,662.241333333333,2018.28266666667,0,577,3
irs1,639.673333333334,1977.28233333333,0,559.333333333333,3
plau,638.697,1977.53533333333,2.66666666666667,619.333333333333,3
tgfbr1,662.108,2018.517,3,613.333333333333,3
fake20,602.145666666667,1975.41266666667,6,607.333333333333,3
