geneID,x,y,z,intensity,seeds
adcy1,1025.37033333333,498.755333333333,6,620.333333333333,3
camk4,980.324666666667,470.597666666667,0.666666666666667,616.333333333333,3
pdk1,975.269,457.783666666667,6,563,3
sipa1l3,982.097666666667,489.995333333333,3,734,3
ywhaz,967.867666666667,473.588,1,830.666666666667,3
ywhaz,1012.201,481.921333333333,5.33333333333333,692.666666666667,3
fake55,973.529333333333,468.551333333333,1,590,3
