geneID,x,y,z,intensity,seeds
cblc,1485.671,1912.82,1,539.75,4
cdkn1a,1485.522,1912.59233333333,4,550,3
itga2b,1485.37075,1912.8545,5.5,524.75,4
nrg3,1499.739,1941.608,0,733.666666666667,3
p2rx6,1484.32566666667,1984.38566666667,1,599.666666666667,3
rbl1,1486.18333333333,1913.53233333333,0,591,3
rictor,1499.567,1941.447,6,711,3
fake55,1487.52933333333,1920.55133333333,1.66666666666667,592,3
