geneID,x,y,z,intensity,seeds
ppp2r2c,1443.61533333333,1742.098,0.333333333333333,602.333333333333,3
skp2,1483.353,1791.953,3,907,3
fake65,1459.72966666667,1806.85266666667,5.33333333333333,763.666666666667,3
