geneID,x,y,z,intensity,seeds
daam1,1482.72933333333,1576.65433333333,0,552.666666666667,3
dock4,1485.312,1550.06433333333,0.666666666666667,686.666666666667,3
grm8,1462.33,1571.14833333333,6,617,3
irs1,1463.67333333333,1571.28233333333,5.66666666666667,631.333333333333,3
map3k4,1486.951,1581.546,4,577,3
map3k4,1465.28433333333,1575.21266666667,2,742.666666666667,3
s1pr2,1462.667,1571.494,0.333333333333333,674.666666666667,3
senp2,1462.516,1552.369,3.33333333333333,615.666666666667,3
tbk1,1462.60133333333,1571.66533333333,4,668.666666666667,3
