geneID,x,y,z,intensity,seeds
cnr1,1773.82233333333,1669.936,0.333333333333333,592.666666666667,3
gria1,1719.94066666667,1721.05366666667,3,725,3
gria1,1765.60733333333,1651.387,0,627.333333333333,3
jak3,1761.89275,1651.6055,0,610.5,4
ptk2b,1725.529,1722.15666666667,6,657,3
senp2,1732.516,1659.369,0.666666666666667,588.333333333333,3
trp53,1730.81466666667,1658.92766666667,4.33333333333333,697.666666666667,3
fake55,1765.52933333333,1693.55133333333,5.33333333333333,715.333333333333,3
