geneID,x,y,z,intensity,seeds
apln,637.858,1654.82733333333,3,603.333333333333,3
ppp2r2d,678.397666666667,1659.49966666667,4.33333333333333,601.666666666667,3
rapgef4,656.029333333333,1635.654,2,658.333333333333,3
s1pr2,638.667,1655.494,0,611,3
senp2,679.516,1659.369,6,619,3
sipa1l1,649.791666666667,1625.24233333333,0.333333333333333,698.666666666667,3
fake28,679.073666666667,1659.29866666667,0,613.333333333333,3
