geneID,x,y,z,intensity,seeds
brap,836.907666666667,1051.944,0,724.666666666667,3
ctnnbip1,812.061,1030.13666666667,0.666666666666667,691,3
cul3,813.497666666667,1038.799,5.66666666666667,707.666666666667,3
daam1,783.062666666667,1034.65433333333,5,717,3
dlg4,784.46,1025.23666666667,0,526,3
mapk9,798.602,1036.169,6,679.333333333333,3
pias4,777.431,1059.141,3,737.666666666667,3
fake28,803.073666666667,1016.29866666667,0,612.333333333333,3
