geneID,x,y,z,intensity,seeds
ctnnb1,1333.20366666667,1461.387,6,592.333333333333,3
fgf13,1321.39533333333,1450.48966666667,0,591.666666666667,3
tgfbr1,1333.172,1461.821,6,526,1
