geneID,x,y,z,intensity,seeds
hmgcr,276.459,1757.431,0,516,1
irs1,206.673333333333,1712.28233333333,6,527,3
ocrl,206.361,1712.30033333333,0,553,3
fake20,290.145666666667,1712.41266666667,0,593,3
fake28,276.073666666667,1757.29866666667,0,597.333333333333,3
