geneID,x,y,z,intensity,seeds
bbc3,1218.20266666667,1408.839,0,676.666666666667,3
hmgcr,1207.24133333333,1444.28266666667,5.66666666666667,598,3
mapk12,1188.83366666667,1472.25233333333,3,699.666666666667,3
pfn2,1189.066,1466.52,0,961.333333333333,3
rragd,1207.17366666667,1444.34566666667,0,596,3
sptlc1,1195.84533333333,1488.83866666667,6,612.666666666667,3
ywhaz,1197.53433333333,1412.588,1,649,3
