geneID,x,y,z,intensity,seeds
adcy1,1203.70366666667,1787.422,0.333333333333333,568,3
hmgcr,1207.41033333333,1768.84433333333,2,605.333333333333,3
nrg3,1137.739,1766.608,1.33333333333333,607.666666666667,3
pi4kb,1137.639,1766.561,5.66666666666667,593.333333333333,3
rictor,1174.567,1762.447,3,597.666666666667,3
tbk1,1174.60133333333,1762.66533333333,0,598.666666666667,3
fake28,1138.07366666667,1766.29866666667,0,610.333333333333,3
