geneID,x,y,z,intensity,seeds
il12rb1,762.694333333333,210.484666666667,4.66666666666667,701.333333333333,3
map3k2,755.746,154.106,3,599,1
map3k2,755.746,154.106,0,636,1
ppp2r2d,755.769,154.131,5,616,1
ppp2r2d,755.769,154.131,1,621,1
rasgrp4,729.67975,172.85375,2.5,602.5,4
rictor,756.493,154.315,0,642,1
s1pr2,756.793,154.456,1,626,1
s1pr2,756.8745,154.4675,4,600.5,2
tnfsf14,755.6035,153.962,4,608,2
tnfsf14,755.6035,153.962,0,624,2
