geneID,x,y,z,intensity,seeds
il12rb1,762.694333333333,210.484666666667,4.66666666666667,701.333333333333,3
rasgrp4,729.67975,172.85375,2.5,602.5,4
