geneID,x,y,z,intensity,seeds
cacnb1,913.245666666667,1710.45966666667,3.33333333333333,606.666666666667,3
nrg3,933.739,1700.608,5.66666666666667,718.333333333333,3
pi4kb,860.639,1669.561,0.333333333333333,589.333333333333,3
tbk1,912.601333333333,1710.66533333333,5.66666666666667,582,3
ywhaz,930.534333333333,1675.25466666667,6,763,3
fake49,907.498666666667,1650.243,2.66666666666667,534.333333333333,3
fake59,933.092666666667,1699.80466666667,3,704,3
