geneID,x,y,z,intensity,seeds
gucy1a2,1315.756,1688.22966666667,2.33333333333333,599.333333333333,3
irs4,1299.008,1673.78333333333,3.66666666666667,708.666666666667,3
ksr2,1331.28533333333,1721.247,0,699,3
lamtor3,1311.49866666667,1677.03,3,777.666666666667,3
sgpp2,1328.223,1675.02333333333,4,663.666666666667,3
zfyve9,1331.65966666667,1726.342,6,771.333333333333,3
fake55,1316.52933333333,1688.55133333333,0,623,3
