geneID,x,y,z,intensity,seeds
gucy1a2,1423.475,1811.491,6,550,1
hmgcr,1398.24133333333,1835.28266666667,0,592,3
hmgcr,1425.24133333333,1811.28266666667,4.33333333333333,594,3
map3k2,1423.746,1811.106,6,567,1
rictor,1424.7245,1811.397,6,564,2
senp2,1425.983,1811.549,0,530,1
tbk1,1424.776,1811.7245,6,549,2
vdac2,1425.34133333333,1811.32966666667,0,609,3
fake20,1398.172,1835.821,0,519,1
fake66,1423.876,1810.805,5,608,1
