geneID,x,y,z,intensity,seeds
hmgcr,1398.24133333333,1835.28266666667,0,592,3
hmgcr,1425.24133333333,1811.28266666667,4.33333333333333,594,3
vdac2,1425.34133333333,1811.32966666667,0,609,3
