geneID,x,y,z,intensity,seeds
adcy1,316.303,1670.65933333333,1,705.333333333333,3
