geneID,x,y,z,intensity,seeds
ctnnb1,1129.548,1023.357,0,557.333333333333,3
gria1,1140.8985,1002.31575,5,705.75,4
pdpk1,1150.307,1011.49733333333,4,821.666666666667,3
smad3,1195.43466666667,983.247666666667,0,631.333333333333,3
tbk1,1129.82333333333,997.147333333333,0,628.666666666667,3
tgfbr1,1144.10833333333,1005.68966666667,6,668.666666666667,3
