geneID,x,y,z,intensity,seeds
adcy1,279.037,1351.422,5,578.333333333333,3
adcy1,286.636333333333,1408.65933333333,0,615.666666666667,3
il20ra,317.398666666667,1406.196,5,656,3
rragd,287.123333333333,1344.19,2,762.666666666667,3
rragd,260.173666666667,1399.34566666667,6,943.666666666667,3
sipa1l1,320.4425,1368.0465,3.5,628.5,4
tgfbr1,279.108,1351.517,0,625.333333333333,3
tnfsf14,258.819666666667,1399.157,4.33333333333333,985.666666666667,3
