geneID,x,y,z,intensity,seeds
adcy1,421.58875,560.527,6,624.5,4
cacna1d,386.417666666667,552.743,4.33333333333333,667.333333333333,3
hdac1,386.829333333333,541.804666666667,2,559.333333333333,3
mtmr4,396.111666666667,545.626,1.66666666666667,613.666666666667,3
pip4k2b,400.088666666667,548.087,0,552.333333333333,3
sptlc1,393.178666666667,554.505333333333,5.33333333333333,572.666666666667,3
ywhaz,421.201,563.921333333333,3,691,3
