geneID,x,y,z,intensity,seeds
camk2g,905.956,2026.479,5,562,1
ctnnb1,906.203666666667,2026.387,5,605.666666666667,3
tgfbr1,906.108,2026.517,0,585.666666666667,3
