geneID,x,y,z,intensity,seeds
map3k2,682.582,1729.396,3.33333333333333,676.666666666667,3
mapk8ip3,665.291,1714.028,6,778.333333333333,3
nsmaf,682.452333333333,1702.15366666667,0,666,3
rfng,687.258666666667,1708.91466666667,4,646.333333333333,3
spry4,680.906,1726.164,4,639,3
trp53,672.814666666667,1705.92766666667,6,600.333333333333,3
ywhaz,676.534333333333,1693.588,0,740.333333333333,3
