geneID,x,y,z,intensity,seeds
cacnb3,1392.11133333333,1938.552,3,609.666666666667,3
grm1,1415.94033333333,1986.85333333333,0,638.666666666667,3
rictor,1382.567,1941.447,6,611,3
rictor,1422.567,1912.447,3.33333333333333,880.333333333333,3
s1pr2,1422.667,1912.494,0,930.333333333333,3
tgfbr1,1413.10833333333,1943.023,0,710.666666666667,3
tnfsf14,1421.81966666667,1912.157,6,885,3
