geneID,x,y,z,intensity,seeds
acvr2a,1287.599,1601.26966666667,0,624.666666666667,3
adcy1,1297.39433333333,1622.09566666667,6,560.333333333333,3
cacnb3,1290.01266666667,1580.88,0,770,3
edn1,1316.07366666667,1585.225,2,634.333333333333,3
grm2,1293.767,1626.56366666667,4.33333333333333,675,3
grm2,1297.10033333333,1628.56366666667,4,620,3
pik3r6,1292.582,1622.17666666667,4.33333333333333,608,3
fake15,1291.15066666667,1632.44133333333,2.33333333333333,726.666666666667,3
