geneID,x,y,z,intensity,seeds
agap2,11.5653333333333,1121.48666666667,3,765.666666666667,3
camk2a,6.30166666666667,1128.01333333333,1.66666666666667,1206,3
camk2a,11.16175,1111.2895,2.25,1123.75,4
grin2c,16.2436666666667,1113.09833333333,0,734.666666666667,3
grm3,14.46825,1129.339,6,1033.5,4
grm3,15.21825,1108.089,0,871.25,4
gsk3b,10.9715,1126.3045,6,976.25,4
pip5k1b,19.8416666666667,1128.54133333333,0.333333333333333,766,3
smurf2,21.78875,1114.89575,4,1106.5,4
