geneID,x,y,z,intensity,seeds
adcy1,504.303,1775.65933333333,4,579.666666666667,3
nrg3,581.199,1752.569,0,736,3
pdpk1,492.035,1792.95633333333,0,548.666666666667,3
pi4kb,588.639,1710.561,0.333333333333333,594,3
ptk2b,517.069333333333,1785.909,0,530.333333333333,3
s1pr2,481.667,1785.494,3,752,3
vdac2,482.341333333333,1785.32966666667,6,749.666666666667,3
