geneID,x,y,z,intensity,seeds
vdac2,1198.34133333333,1812.32966666667,0.666666666666667,592,3
fake28,1241.07366666667,1830.29866666667,0,590,3
