geneID,x,y,z,intensity,seeds
adcy9,978.33825,2032.7665,1.5,857.25,4
camk2a,992.66175,2027.2895,0,1062.75,4
camk2a,968.233,2030.24233333333,1,973.333333333333,3
camk2a,978.16175,2043.5395,0,2146.5,4
camk2a,981.41175,2024.0395,1.75,1266.25,4
gnai1,994.465333333333,2024.32233333333,3.33333333333333,899.333333333333,3
rgl1,968.353333333333,2012.58666666667,4.66666666666667,850.666666666667,3
tnc,984.212666666667,2023.537,6,918,3
