geneID,x,y,z,intensity,seeds
akt3,206.153,1921.4385,3.5,622.5,4
eif4b,215.611666666667,1935.74833333333,6,721.333333333333,3
gna13,219.239,1922.62966666667,0,640.333333333333,3
gnao1,222.187666666667,1921.917,6,977,3
gnao1,226.92575,1952.7655,2,1105.25,4
itgb8,253.745666666667,1942.98533333333,2,623.666666666667,3
ncstn,232.836333333333,1938.94666666667,5,694.666666666667,3
pak6,225.34575,1915.64575,4,1058,4
tnfrsf13c,210.334,1958.147,6,539.333333333333,3
vav3,209.778,1958.11,6,533,1
