geneID,x,y,z,intensity,seeds
grm8,342.33,2038.14833333333,4,574.666666666667,3
s1pr2,342.667,2038.494,0,624,3
s1pr2,342.667,2038.494,6,604,3
sox9,314.319,1996.77133333333,0,653.666666666667,3
