geneID,x,y,z,intensity,seeds
gna12,868.465,1928,2,772.75,4
rock2,877.417666666667,1917.63933333333,5,1167.66666666667,3
