geneID,x,y,z,intensity,seeds
acvr2a,623.006333333333,1499.97633333333,6,556.333333333333,3
hmgcr,671.241333333333,1513.28266666667,0.333333333333333,600,3
krit1,659.375,1512.36166666667,2.66666666666667,598.666666666667,3
ywhaz,654.534333333333,1507.588,3,681,3
