geneID,x,y,z,intensity,seeds
adcy1,1789.303,1986.99266666667,2.66666666666667,554,3
apln,1756.661,1943.4675,4,551.5,2
irs1,1745.67333333333,1998.28233333333,0,531,3
krit1,1757.976,1944.373,0,573,2
nrg3,1757.739,1944.608,2.66666666666667,590,3
ppp2r2d,1756.854,1944.10966666667,0.333333333333333,603,3
rictor,1757.956,1944.479,0,578,1
sox9,1744.36433333333,1998.36666666667,0,533.666666666667,3
tbk1,1757.38,1944.628,2,572,1
vdac2,1758.6155,1944.2665,3,635,2
fake66,1756.876,1943.805,0,590,1
