geneID,x,y,z,intensity,seeds
adcy1,1789.303,1986.99266666667,2.66666666666667,554,3
irs1,1745.67333333333,1998.28233333333,0,531,3
nrg3,1757.739,1944.608,2.66666666666667,590,3
ppp2r2d,1756.854,1944.10966666667,0.333333333333333,603,3
sox9,1744.36433333333,1998.36666666667,0,533.666666666667,3
