geneID,x,y,z,intensity,seeds
map3k4,1322.951,1138.87933333333,0,772.666666666667,3
nrg3,1309.739,1112.608,0,605,3
s1pr2,1309.667,1112.494,6,612.333333333333,3
sos2,1313.197,1145.19433333333,5.66666666666667,645.333333333333,3
sox17,1299.04833333333,1140.46133333333,0,589.333333333333,3
them4,1282.22033333333,1153.124,5.33333333333333,633,3
