geneID,x,y,z,intensity,seeds
cdk6,1189.876,1693.805,0,743,1
cnr1,1212.769,1710.131,0,537,1
csnk1a1,1194.29033333333,1678.40733333333,0,671,3
ctnnb1,1200.20366666667,1722.387,0.333333333333333,597.333333333333,3
hmgcr,1214.772,1710.102,0,731,1
ifnar1,1190.46975,1693.34075,0.25,682.25,4
pi4kb,1213.639,1710.561,0,607.333333333333,3
pi4kb,1217.493,1663.315,1,539,1
ptk2b,1190.86233333333,1689.49,2,652,3
ryr3,1212.556,1709.7015,0,537,2
tbk1,1217.60133333333,1663.66533333333,0,581.333333333333,3
