geneID,x,y,z,intensity,seeds
csnk1a1,1194.29033333333,1678.40733333333,0,671,3
ctnnb1,1200.20366666667,1722.387,0.333333333333333,597.333333333333,3
ifnar1,1190.46975,1693.34075,0.25,682.25,4
pi4kb,1213.639,1710.561,0,607.333333333333,3
ptk2b,1190.86233333333,1689.49,2,652,3
tbk1,1217.60133333333,1663.66533333333,0,581.333333333333,3
