geneID,x,y,z,intensity,seeds
agpat5,1428.36933333333,1507.67133333333,0,577.666666666667,3
fgf13,1469.284,1525.305,0,596.333333333333,3
pak7,1469.29966666667,1496.61966666667,0.666666666666667,594.333333333333,3
ppp2r2c,1426.70233333333,1516.86233333333,3.33333333333333,542,3
ppp2r2c,1424.369,1529.86233333333,5,537.666666666667,3
taok1,1422.20733333333,1509.65966666667,3,664.333333333333,3
ywhaz,1456.201,1543.25466666667,2.66666666666667,715.666666666667,3
ywhaz,1388.53433333333,1496.92133333333,3.33333333333333,631,3
