geneID,x,y,z,intensity,seeds
ctnnb1,228.214666666667,1626.357,3,670,3
sipa1l3,252.034333333333,1607.732,0,577,3
