geneID,x,y,z,intensity,seeds
gria1,967.870333333333,1683.57133333333,2,717.666666666667,3
gria1,963.940666666667,1665.05366666667,1.66666666666667,656,3
gria1,968.6485,1681.31575,5.5,642.25,4
irs4,962.341333333333,1669.11666666667,4,758,3
itga2,969.141333333333,1668.37966666667,0,628.333333333333,3
