geneID,x,y,z,intensity,seeds
ctnnb1,1127.20366666667,581.387,6,585.666666666667,3
hmgcr,1136.24133333333,588.282666666667,0,592,3
il1r1,1147.09033333333,551.147333333333,3,733.333333333333,3
map3k2,1125.84633333333,581.101333333333,1,614.666666666667,3
ntf3,1132.07366666667,584.988333333333,3,653.666666666667,3
s1pr2,1129.667,568.494,3,730,3
ywhaz,1152.201,575.921333333333,6,793,3
