geneID,x,y,z,intensity,seeds
csnk1g3,1292.50725,2002.08625,1,835.5,4
mapk1,1301.38566666667,1998.432,3.33333333333333,877.666666666667,3
mef2c,1330.99433333333,2035.977,0,771.666666666667,3
rapgef2,1346.18175,2044.06725,2,1196.75,4
spred1,1292.66666666667,2038.56433333333,0,611,3
