geneID,x,y,z,intensity,seeds
cul2,782.729,1389.232,0.666666666666667,884,3
dlg2,800.48575,1347.9605,0,652.25,4
dlg4,766.541,1339.651,0,585,1
mapk8ip2,772.302666666667,1353.31366666667,0,632,3
myd88,767.8325,1340.568,6,593.5,2
ywhaz,737.201,1304.92133333333,0.333333333333333,547,3
fake20,768.145666666667,1340.41266666667,1,617.666666666667,3
fake49,768.39,1340.62666666667,4,577,3
