geneID,x,y,z,intensity,seeds
camk2a,702.388666666667,2034.67966666667,0,907.333333333333,3
