geneID,x,y,z,intensity,seeds
fgf13,1015.61733333333,782.971666666667,0,611.333333333333,3
nrg3,1002.199,818.569,1,682.333333333333,3
ywhaz,1030.53433333333,805.254666666667,5.66666666666667,756.666666666667,3
ywhaz,1011.53433333333,785.921333333333,0.666666666666667,592.333333333333,3
