geneID,x,y,z,intensity,seeds
ctnnb1,1146.20366666667,1715.387,6,591.333333333333,3
ihh,1144.77466666667,1714.741,3,643.333333333333,3
rictor,1145.567,1715.447,0.666666666666667,616.333333333333,3
