geneID,x,y,z,intensity,seeds
ctnnb1,1146.20366666667,1715.387,6,591.333333333333,3
evc2,1144.536,1714.338,6,568.5,2
gucy1a2,1144.475,1715.491,0,545,1
ihh,1144.77466666667,1714.741,3,643.333333333333,3
ppp2r2d,1144.769,1715.131,0,521,1
rictor,1145.567,1715.447,0.666666666666667,616.333333333333,3
fake55,1145.38,1715.628,1,570,1
