geneID,x,y,z,intensity,seeds
cdkn2d,839.405,1402.914,0,624,3
pfn2,824.732666666667,1395.52,0,670.333333333333,3
pias4,831.431,1398.141,4,654.666666666667,3
taok1,850.735,1431.393,2,831.333333333333,3
tbk1,844.49,1408.48066666667,0,594.666666666667,3
