geneID,x,y,z,intensity,seeds
gnao1,985.42575,2019.5155,2.75,1118.25,4
gnao1,974.92575,2019.7655,1,822.75,4
gnao1,981.42575,2022.2655,3,704.75,4
mdm2,969.744666666667,2036.436,3.33333333333333,604.333333333333,3
skp1a,967.47925,2012.7795,4.5,666.25,4
xiap,982.666,2042.07266666667,5,770.333333333333,3
