geneID,x,y,z,intensity,seeds
ctnnb1,1907.20366666667,1073.387,0,611,3
hmgcr,1924.24133333333,1076.28266666667,0,598.333333333333,3
hmgcr,1954.24133333333,1063.28266666667,0,592.333333333333,3
map3k4,1976.28433333333,1107.21266666667,3,709.333333333333,3
ptger2,1962.09533333333,1111.171,6,611,3
ywhaz,1931.53433333333,1037.588,0,831,3
