geneID,x,y,z,intensity,seeds
gria1,1139.537,800.571333333333,2,721.333333333333,3
ksr1,1128.27,780.571,0.333333333333333,574.333333333333,3
ptk2b,1153.529,797.156666666667,6,719,3
sipa1l1,1155.79166666667,785.909,0,589.333333333333,3
sstr2,1106.48433333333,781.973,2,639,3
