geneID,x,y,z,intensity,seeds
pi4kb,884.639,824.561,3,643.666666666667,3
s1pr2,884.667,824.494,6,619.333333333333,3
vdac2,885.341333333333,824.329666666667,0,606.333333333333,3
ywhaz,896.867666666667,808.254666666667,0,699,3
fake11,857.527,802.585333333333,0.333333333333333,875,3
fake28,876.073666666667,834.298666666667,0,592,3
