geneID,x,y,z,intensity,seeds
col5a3,1074.402,689.262333333333,0,696,3
irs1,1075.67333333333,689.282333333333,0,708,3
pip4k2b,1074.08866666667,689.087,4,685.666666666667,3
tnfsf14,1073.81966666667,689.157,6,709,3
fake55,1074.52933333333,689.551333333333,1.33333333333333,734.333333333333,3
