geneID,x,y,z,intensity,seeds
dlg5,526.186333333333,2041.64,3.33333333333333,876.666666666667,3
map2k1,587.278,2039.47266666667,0.666666666666667,1559.66666666667,3
spop,536.227333333333,2043.953,3,1249.66666666667,3
