geneID,x,y,z,intensity,seeds
ctnnb1,1610.20366666667,1660.387,0.666666666666667,597.666666666667,3
ctnnb1,1581.34533333333,1612.515,6,651,3
mecom,1614.12433333333,1649.97833333333,6,562,3
nrg3,1589.739,1604.608,4,648.666666666667,3
senp2,1610.516,1660.369,4.33333333333333,616.666666666667,3
tbk1,1583.4305,1605.74725,2,586.75,4
tbk1,1614.60133333333,1650.66533333333,0,616,3
tnfsf14,1614.29133333333,1650.433,3,629,3
