geneID,x,y,z,intensity,seeds
ctnnb1,1262.319,997.247333333333,0,906.666666666667,3
map2k4,1303.613,985.461333333333,2,726,3
pdpk1,1285.035,983.956333333333,6,567.666666666667,3
