geneID,x,y,z,intensity,seeds
irs1,734.673333333333,1830.28233333333,4,560.333333333333,3
pi4kb,733.639,1830.561,0,607,3
plau,733.697,1830.53533333333,3.33333333333333,625.333333333333,3
s1pr2,769.667,1812.494,0,1077.66666666667,3
s1pr2,769.667,1812.494,3,1035.33333333333,3
