geneID,x,y,z,intensity,seeds
gabarapl1,563.328,2017.6275,3,787.75,4
map4k3,565.672666666667,2020.29366666667,0,593,3
plk2,574.344,2035.33833333333,0.666666666666667,617.333333333333,3
ptafr,553.375333333333,2032.36966666667,4,536,3
rock2,564.683666666667,2020.493,4.33333333333333,653.333333333333,3
