geneID,x,y,z,intensity,seeds
ctnnb1,608.203666666667,280.387,6,603.666666666667,3
egln1,580.259,275.449,0,691.666666666667,3
gria1,558.807,302.641333333333,1.66666666666667,653.666666666667,3
nrg3,608.172,280.821,0,523,1
rbl2,611.041,228.843333333333,6,560.666666666667,3
rictor,607.493,280.315,0,521,1
s1pr2,607.667,280.494,0,603.333333333333,3
senp2,608.983,280.549,0,541,1
vdac2,608.459,280.431,0,544,1
ywhaz,525.534333333333,255.921333333333,0,733,3
ywhaz,576.201,303.921333333333,4,615,3
