geneID,x,y,z,intensity,seeds
cyth2,928.194,102.7065,0,661.75,4
hk2,931.409333333333,110.934,2,603,3
lefty1,933.292333333333,155.252666666667,6,637,3
mob1a,928.174666666667,103.939333333333,0,756.666666666667,3
plcd1,927.31425,103.304,0,609.5,4
ptk2b,948.069333333333,138.909,0,543,3
s1pr2,933.667,155.494,0,704,3
s1pr2,933.667,155.494,4,692.666666666667,3
taok1,946.999666666667,94.5833333333333,5.33333333333333,588.666666666667,3
tnfsf11,932.642,101.046666666667,2,687,3
