geneID,x,y,z,intensity,seeds
cacnb1,738.245666666667,251.459666666667,6,597.666666666667,3
cnr1,771.822333333333,283.936,1,588,3
mlst8,739.224666666667,295.977333333333,3,617.333333333333,3
plpp2,751.553666666667,292.766,3,572.333333333333,3
rragd,796.173666666667,285.345666666667,4,610.666666666667,3
s1pr2,795.667,285.494,0,613.333333333333,3
vdac2,738.341333333333,251.329666666667,0,601,3
fake68,740.138,250.692666666667,3,626.666666666667,3
