geneID,x,y,z,intensity,seeds
cacnb4,1259.608,1903.13825,3.75,814.75,4
col11a2,1263.878,1912.806,1,565,1
hdac5,1264.62366666667,1913.66766666667,2.66666666666667,629.666666666667,3
homer2,1206.3645,1883.517,0.25,737.25,4
mapk1,1251.40725,1930.35525,2.75,999.5,4
rbpj,1261.20666666667,1927.392,0,612.666666666667,3
rgs2,1251.847,1878.9445,2.75,753.75,4
smo,1263.493,1913.482,0,561,1
tnfrsf13c,1264.334,1913.147,1,548,3
fake52,1265.213,1913.82,0,558,1
