geneID,x,y,z,intensity,seeds
ntf3,1244.899,1669.719,6,599,3
pla1a,1293.87033333333,1647.823,0,622.333333333333,3
plpp2,1293.22033333333,1663.09933333333,3.66666666666667,629,3
tnfsf14,1260.48633333333,1680.157,2,679,3
vdac2,1295.34133333333,1648.32966666667,6,614.333333333333,3
fake20,1261.8105,1680.3125,3.25,625,4
