geneID,x,y,z,intensity,seeds
cacng4,646.240666666667,1808.92966666667,6,590.333333333333,3
ccnd1,602.342333333333,1809.52966666667,1,568.666666666667,3
col11a2,641.9295,1803.1315,4,755,2
cxcr1,642.778,1803.11,4,833,1
gabbr2,620.72975,1798.3305,0,591,4
nf2,626.176,1803.21933333333,2,678,3
prkce,641.905,1802.424,4,569,1
sod2,590.281,1818.04766666667,3.33333333333333,581,3
synj1,618.795,1817.096,0,1043.66666666667,3
