geneID,x,y,z,intensity,seeds
adcy1,758.061,89.0956666666667,4.66666666666667,550,3
cnr1,678.822333333333,83.936,4.66666666666667,575.666666666667,3
ctnnb1,680.203666666667,84.387,0,605.666666666667,3
rictor,748.567,81.447,0,603.333333333333,3
s1pr2,748.667,81.494,5.33333333333333,622.333333333333,3
senp2,689.516,62.369,0,754,3
fake28,749.073666666667,81.2986666666667,2.33333333333333,600.666666666667,3
