geneID,x,y,z,intensity,seeds
gucy1a2,1307.508,1750.071,1,545.5,2
mapk9,1268.818,1718.278,0,752.333333333333,3
ocrl,1235.361,1726.30033333333,0,573.333333333333,3
pi4kb,1308.639,1750.561,5.66666666666667,625.666666666667,3
pla1a,1307.6795,1749.461,4.5,562,2
ptk2b,1289.529,1702.82333333333,0.333333333333333,538,3
rictor,1308.567,1750.447,0,637.666666666667,3
tbk1,1309.172,1750.821,0,549,1
tbk1,1308.38,1750.628,6,542,1
