geneID,x,y,z,intensity,seeds
tgfbr1,1080.90833333333,889.596,1,639,3
tnfsf14,1078.81966666667,895.157,5,606.333333333333,3
ywhaz,1055.86766666667,917.588,1.33333333333333,766.333333333333,3
fake28,1080.07366666667,895.298666666667,0,609.666666666667,3
fake55,1079.52933333333,895.551333333333,2.66666666666667,612.333333333333,3
