geneID,x,y,z,intensity,seeds
cdk2,417.503333333333,1896.25133333333,0.333333333333333,535.666666666667,3
csnk1g3,403.377,1921.44266666667,4,872.333333333333,3
gna12,442.465,1891.5,4,757,4
grin2a,450.154333333333,1917.289,3,710.333333333333,3
patj,395.430333333333,1914.42633333333,2,728,3
