geneID,x,y,z,intensity,seeds
irs1,740.673333333333,1614.28233333333,4,548,3
mapk8ip3,718.624333333333,1623.028,3,689.666666666667,3
pi4kb,736.639,1604.22766666667,0,678,3
ppp2r2d,738.854,1614.10966666667,6,608.666666666667,3
sipa1l1,742.125,1643.24233333333,4.66666666666667,587.666666666667,3
tgfbr1,745.108,1601.517,0,601.333333333333,3
