geneID,x,y,z,intensity,seeds
camk2a,303.16175,1667.7895,0,985.25,4
camk2a,315.722,1637.67966666667,2.66666666666667,941,3
camk2a,321.16175,1662.5395,1.75,1009.5,4
camk2a,304.41175,1655.5395,0,1100.5,4
camk2a,328.91175,1672.2895,0,974.75,4
camk2a,312.66175,1661.7895,5,1393.5,4
mapt,304.340666666667,1679.709,0,914,3
mpp5,300.036666666667,1664.762,4.66666666666667,940.666666666667,3
rasal2,329.381666666667,1681.76666666667,0.666666666666667,975.666666666667,3
