geneID,x,y,z,intensity,seeds
ctnnb1,1355.20366666667,2008.387,0,597.666666666667,3
hmgcr,1336.24133333333,1983.28266666667,5,617,3
kras,1354.52666666667,1950.64966666667,5.66666666666667,658.666666666667,3
map3k2,1334.6435,1982.8785,0.5,575,2
s1pr2,1335.956,1983.479,0,565,1
s1pr2,1335.793,1983.456,3,560,1
tnfsf14,1335.29133333333,1983.433,4,595,3
fake20,1355.14566666667,1950.41266666667,0,614,3
fake55,1335.38,1983.628,3,549,1
fake66,1334.876,1982.805,0,622,1
