geneID,x,y,z,intensity,seeds
ctnnb1,1355.20366666667,2008.387,0,597.666666666667,3
hmgcr,1336.24133333333,1983.28266666667,5,617,3
kras,1354.52666666667,1950.64966666667,5.66666666666667,658.666666666667,3
tnfsf14,1335.29133333333,1983.433,4,595,3
fake20,1355.14566666667,1950.41266666667,0,614,3
