geneID,x,y,z,intensity,seeds
camk2g,52.036,1215.403,4,589.333333333333,3
dlg2,51.057,1214.91333333333,0,551,3
ocrl,52.361,1215.30033333333,6,551.333333333333,3
plau,41.697,1200.53533333333,6,590.666666666667,3
senp2,52.516,1215.369,0.333333333333333,604.666666666667,3
vdac2,52.459,1215.431,0,531,1
fake59,50.876,1214.805,0,559,1
