geneID,x,y,z,intensity,seeds
camk2a,474.66175,1973.5395,0,1640,4
camk2a,437.41175,1966.2895,0.25,1019.25,4
camk2a,462.16175,1952.2895,4,1490.75,4
camk2a,476.301666666667,1955.34666666667,0,990,3
erc1,429.864333333333,1940.58066666667,0,994.333333333333,3
itgb5,429.1115,1939.1185,0,837,2
lrp6,468.332333333333,1972.92466666667,0,807,3
socs7,467.02875,1927.86825,0,1243.5,4
tbl1xr1,419.023,1971.08233333333,4,754.666666666667,3
