geneID,x,y,z,intensity,seeds
camk2a,384.635,1692.01333333333,0,735,3
camk2a,429.301666666667,1675.34666666667,2,1031.33333333333,3
camk2a,398.16175,1696.7895,0,1541.5,4
camk2a,391.66175,1693.7895,0,1877,4
