geneID,x,y,z,intensity,seeds
akt3,717.040666666667,1979.47466666667,1.33333333333333,662,3
dll4,739.411333333333,1960.268,0,547.666666666667,3
fzd3,740.242666666667,1936.29033333333,5.33333333333333,637.333333333333,3
gnao1,733.17575,1990.5155,0,708.75,4
magi2,746.408666666667,1955.40733333333,0,693.666666666667,3
plk2,740.344,1960.33833333333,2.33333333333333,636.666666666667,3
smad4,740.27525,1966.30575,5,935.5,4
smo,759.766666666667,1939.228,0.333333333333333,602.666666666667,3
tnfrsf13c,739.334,1960.147,3.66666666666667,532.333333333333,3
