geneID,x,y,z,intensity,seeds
ocrl,366.361,1745.30033333333,3,535.333333333333,3
rragd,366.173666666667,1745.34566666667,0,611.333333333333,3
senp2,366.983,1745.549,0,534,1
